Date,price,log_return,volatility,regime,prob_state_0,prob_state_1,prob_state_2,confidence,argmax_state,viterbi_differs,label
2021-09-16,4473.75,-0.0015523447127652,0.0047419098387039,2,1.2253468994587956e-66,2.8434398602782216e-45,1.0,1.0,2,False,Bull
2021-09-17,4432.990234375,-0.009152630275798,0.0051301974713382,2,1.3230980568363989e-27,0.00848090224821577,0.9915190977518109,0.9915190977518109,2,False,Bull
2021-09-20,4357.72998046875,-0.0171230777263815,0.0068632904746679,1,4.687176125147969e-06,0.42549254569866246,0.5745027671251839,0.5745027671251839,2,True,Transition
2021-09-21,4354.18994140625,-0.0008126886585468,0.0069366741679575,1,7.019034311946153e-05,0.4977348360024804,0.5021949736544521,0.5021949736544521,2,True,Transition
2021-09-22,4395.64013671875,0.0094745852242184,0.0080975229369327,1,6.053618949342924e-05,0.9070538476278778,0.09288561618265087,0.9070538476278778,1,False,Transition
2021-09-23,4448.97998046875,0.0120616803699373,0.0092806115767816,1,0.00010485811981941763,0.9991236478944803,0.0007714939858590294,0.9991236478944803,1,False,Transition
2021-09-24,4455.47998046875,0.0014599428113637,0.0089874337479074,1,7.39089242007372e-05,0.9997961520145134,0.0001299390612883562,0.9997961520145134,1,False,Transition
2021-09-27,4443.10986328125,-0.0027802439201884,0.0089831156436252,1,0.0001134011947413767,0.9998093350972082,7.726370803423862e-05,0.9998093350972082,1,False,Transition
2021-09-28,4352.6298828125,-0.0205743177398929,0.010941188565563,1,0.0007807808422290852,0.9992192159822626,3.175440744844823e-09,0.9992192159822626,1,False,Transition
2021-09-29,4359.4599609375,0.0015679543362843,0.0104118951313172,1,0.0001973910368006923,0.9998005971811048,2.0117821106731155e-06,0.9998005971811048,1,False,Transition
2021-09-30,4307.5400390625,-0.0119812029450159,0.0107946297804825,1,0.0003535513178533804,0.9996463396753538,1.0900676189254763e-07,0.9996463396753538,1,False,Transition
2021-10-01,4357.0400390625,0.0114259521133348,0.011590087930215,1,0.0006451634634942275,0.9993548140583038,2.2478267171451327e-08,0.9993548140583038,1,False,Transition
2021-10-04,4300.4599609375,-0.0130709520486433,0.0110503120240915,1,0.0005802343893388636,0.9994197275916642,3.801884602933945e-08,0.9994197275916642,1,False,Transition
2021-10-05,4345.72021484375,0.0104695174986009,0.0116669390212907,1,0.0006443058960713581,0.9993556724690211,2.1635017396249858e-08,0.9993556724690211,1,False,Transition
2021-10-06,4363.5498046875,0.0040943993496238,0.0112894432541981,1,0.0003327640635105592,0.9996670858231299,1.5011323914793249e-07,0.9996670858231299,1,False,Transition
2021-10-07,4399.759765625,0.0082640392250663,0.0108672111085968,1,0.00022740007756520588,0.9997722659433799,3.339788495441753e-07,0.9997722659433799,1,False,Transition
2021-10-08,4391.33984375,-0.0019155566024213,0.0108307924899193,1,0.0001722392314907667,0.9998272032134095,5.575551717405073e-07,0.9998272032134095,1,False,Transition
2021-10-11,4361.18994140625,-0.0068894416443399,0.0109640000912165,1,0.0001994362825554428,0.999800336680142,2.270372757385352e-07,0.999800336680142,1,False,Transition
2021-10-12,4350.64990234375,-0.0024197056865542,0.0088131666504047,1,7.968564972482407e-05,0.9997998892104438,0.0001204251399343264,0.9997998892104438,1,False,Transition
2021-10-13,4363.7998046875,0.0030179558702307,0.0088544931039818,1,7.793687537022767e-05,0.9997926848441573,0.000129378280371331,0.9997926848441573,1,False,Transition
2021-10-14,4438.259765625,0.0169191622857116,0.0091836385201424,1,0.00017424098983570145,0.9997105678598587,0.00011519115050897745,0.9997105678598587,1,False,Transition
2021-10-15,4471.3701171875,0.0074325206371899,0.0088570449213303,1,1.578149342139544e-05,0.9600391257410308,0.03994509276566457,0.9600391257410308,1,False,Transition
2021-10-18,4486.4599609375,0.0033690878018042,0.0069468849556488,2,4.779817074109374e-06,0.17860712079954771,0.8213880993834594,0.8213880993834594,2,False,Bull
2021-10-19,4519.6298828125,0.0073661427842353,0.0067024014760719,2,8.402285456067724e-07,0.02847931543187424,0.9715198443396879,0.9715198443396879,2,False,Bull
2021-10-20,4536.18994140625,0.0036573335985607,0.0067025908777902,2,6.365899286242124e-08,0.003468240513919706,0.996531695827292,0.996531695827292,2,False,Bull
2021-10-21,4549.77978515625,0.0029913931683598,0.0065244317330735,2,5.284899731805057e-09,0.0004135344956345102,0.9995864602196896,0.9995864602196896,2,False,Bull
2021-10-22,4544.89990234375,-0.0010731292246628,0.0064539052299424,2,8.300935387733288e-11,0.0001411716251128579,0.999858828291838,0.999858828291838,2,False,Bull
2021-10-25,4566.47998046875,0.0047369594408532,0.0053376039498643,2,7.678110157696168e-12,1.7384081819129927e-05,0.9999826159106685,0.9999826159106685,2,False,Bull
2021-10-26,4574.7900390625,0.0018181414322437,0.0048657374633582,2,5.609638581945709e-12,6.744973424486207e-06,0.9999932550208642,0.9999932550208642,2,False,Bull
2021-10-27,4551.68017578125,-0.0050643703711052,0.0058146371722261,2,4.905753852630673e-13,4.9233045119246495e-05,0.9999507669545827,0.9999507669545827,2,False,Bull
2021-10-28,4596.419921875,0.0097812884241843,0.0043306091395304,2,2.174181575285225e-12,6.274079651779196e-06,0.9999937259182304,0.9999937259182304,2,False,Bull
2021-10-29,4605.3798828125,0.0019474372317169,0.004119621839166,2,1.3197665127615096e-13,2.1071870652275604e-06,0.9999978928125902,0.9999978928125902,2,False,Bull
2021-11-01,4613.669921875,0.0017984589459025,0.0041319190412057,2,2.628492242677762e-14,2.1338571220108146e-06,0.9999978661430788,0.9999978661430788,2,False,Bull
2021-11-02,4630.64990234375,0.0036736071203886,0.0038322469102067,2,5.635151891495199e-14,1.486033504420621e-06,0.9999985139663422,0.9999985139663422,2,False,Bull
2021-11-03,4660.56982421875,0.0064404946128888,0.0040276333053133,2,4.019463163733943e-14,2.429619236395647e-06,0.9999975703806242,0.9999975703806242,2,False,Bull
2021-11-04,4680.06005859375,0.0041732223428176,0.0040542212266688,2,3.43408872176583e-14,2.081583752746443e-06,0.9999979184161767,0.9999979184161767,2,False,Bull
2021-11-05,4697.52978515625,0.003725850045285,0.0038189681231733,2,3.3917314966431166e-14,1.4621584053609853e-06,0.9999985378414524,0.9999985378414524,2,False,Bull
2021-11-08,4701.7001953125,0.000887394060701,0.0038522503287096,2,5.754369961379293e-14,1.4399231619611751e-06,0.9999985600767467,0.9999985600767467,2,False,Bull
2021-11-09,4685.25,-0.0035049109263987,0.0043559757538716,2,2.9568777794560905e-13,3.7935211068570918e-06,0.999996206478419,0.999996206478419,2,False,Bull
2021-11-10,4646.7099609375,-0.0082598421638611,0.0050285250627881,2,1.9497451538610708e-13,2.177802864971208e-05,0.9999782219713265,0.9999782219713265,2,False,Bull
2021-11-11,4649.27001953125,0.0005507883329887,0.0042404152604877,2,1.098073215109602e-12,2.5431552383502317e-06,0.9999974568436807,0.9999974568436807,2,False,Bull
2021-11-12,4682.85009765625,0.0071966975641295,0.0046556075096364,2,1.4790899412253038e-13,6.73589567122769e-06,0.9999932641043814,0.9999932641043814,2,False,Bull
2021-11-15,4682.7998046875,-1.0739878016252646e-05,0.004685042349761,2,2.277654105867418e-13,4.97098980437795e-06,0.9999950290099013,0.9999950290099013,2,False,Bull
2021-11-16,4700.89990234375,0.0038577790571263,0.0046949435299299,2,1.5190007057674268e-13,5.316113662914945e-06,0.9999946838861767,0.9999946838861767,2,False,Bull
2021-11-17,4688.669921875,-0.0026050154828958,0.0045061147149634,2,1.5010308047572305e-13,4.337568190792529e-06,0.9999956624318141,0.9999956624318141,2,False,Bull
2021-11-18,4704.5400390625,0.0033790647401712,0.0044427172024345,2,1.0127548556673999e-13,3.5272979097744134e-06,0.9999964727020051,0.9999964727020051,2,False,Bull
2021-11-19,4697.9599609375,-0.0013996446049873,0.0043261172005251,2,3.494046618044492e-13,3.0486269104987977e-06,0.9999969513729497,0.9999969513729497,2,False,Bull
2021-11-22,4682.93994140625,-0.0032022583169606,0.0044260212030925,2,1.9153825531460165e-11,4.047607489084502e-06,0.9999959523734168,0.9999959523734168,2,False,Bull
2021-11-23,4690.7001953125,0.0016557613831942,0.0043234171462136,2,2.0629576407139866e-09,3.701270744437445e-06,0.9999962966663041,0.9999962966663041,2,False,Bull
2021-11-24,4701.4599609375,0.0022912237766679,0.0031914177078643,2,1.4420637924293404e-07,0.0004028146711326104,0.9995970411223964,0.9995970411223964,2,False,Bull
2021-11-26,4594.6201171875,-0.0229870111593211,0.0082966229848292,1,8.531398925109342e-07,0.9993963207434107,0.0006028261168033754,0.9993963207434107,1,False,Transition
2021-11-29,4655.27001953125,0.0131138360828231,0.0091297899636895,1,0.003040718708689949,0.9969410503253415,1.8230965770463483e-05,0.9969410503253415,1,False,Transition
2021-11-30,4567.0,-0.0191433811878489,0.0108394208299072,1,0.03139430206071936,0.9686056909287233,7.01041723400406e-09,0.9686056909287233,1,False,Transition
2021-12-01,4513.0400390625,-0.011885541457957,0.0109554369259989,1,0.09226761355490073,0.9077323424609295,4.398433552274072e-08,0.9077323424609295,1,False,Transition
2021-12-02,4577.10009765625,0.0140946383960578,0.0123845403183326,1,0.3760227371060808,0.6239772625027507,3.91062944526036e-10,0.6239772625027507,1,False,Transition
2021-12-03,4538.43017578125,-0.0084844551417386,0.012336677786313,1,0.6092622206902294,0.39073777911418417,1.9577346163369892e-10,0.6092622206902294,0,True,Transition
2021-12-06,4591.669921875,0.0116625993096857,0.0132524497666949,0,0.9189449591719376,0.08105504082783163,1.665614370588117e-14,0.9189449591719376,0,False,Bear
2021-12-07,4686.75,0.0204956031862533,0.0150656578272776,0,0.999839340443976,0.0001606595560270971,1.5308708769171416e-20,0.999839340443976,0,False,Bear
2021-12-08,4701.2099609375,0.0030805355865854,0.0150889209590455,0,0.999988434176012,1.15658241516839e-05,1.0335905378561594e-19,0.999988434176012,0,False,Bear
2021-12-09,4667.4501953125,-0.0072069882325234,0.0152424869688074,0,0.9997989801609464,0.00020101983923328024,2.1518107517616483e-19,0.9997989801609464,0,False,Bear
2021-12-10,4712.02001953125,0.0095037691182096,0.0133105314558473,0,0.9558113337573251,0.04418866624275767,2.5755316008791182e-14,0.9558113337573251,0,False,Bear
2021-12-13,4668.97021484375,-0.0091781583427934,0.0132060296399976,0,0.7976034216202254,0.20239657837422778,5.348678909176736e-12,0.7976034216202254,0,False,Bear
2021-12-14,4634.08984375,-0.0074987228546241,0.0117329124735218,1,0.30873823381180127,0.691261762296805,3.8915765950380405e-09,0.691261762296805,1,False,Transition
2021-12-15,4709.85009765625,0.0162162673518917,0.0115456479265721,1,0.14669108867024697,0.8533089063079594,5.021938643374772e-09,0.8533089063079594,1,False,Transition
2021-12-16,4668.669921875,-0.0087818633111123,0.0116482894904898,1,0.058524232339595056,0.9414757511895193,1.6470834031539708e-08,0.9414757511895193,1,False,Transition
2021-12-17,4620.64013671875,-0.0103409645840546,0.0118467234329542,1,0.030145868581550227,0.9698541244667566,6.951529924152073e-09,0.9698541244667566,1,False,Transition
2021-12-20,4568.02001953125,-0.0114533983232565,0.011962111090383,1,0.01737826220597322,0.9826217340192059,3.774744173481808e-09,0.9826217340192059,1,False,Transition
2021-12-21,4649.22998046875,0.0176217553851962,0.0114236181471962,1,0.009734766415745217,0.9902652271014395,6.482683659715859e-09,0.9902652271014395,1,False,Transition
2021-12-22,4696.56005859375,0.0101287280291266,0.0118975046025029,1,0.005000140046685689,0.99499984867356,1.1279707313096456e-08,0.99499984867356,1,False,Transition
2021-12-23,4725.7900390625,0.0062044126852516,0.0117623568655284,1,0.0026827062337470087,0.9973172634637875,3.030254481473165e-08,0.9973172634637875,1,False,Transition
2021-12-27,4791.18994140625,0.0137440515736066,0.012162886483576,1,0.002595685414889367,0.9974043123736821,2.211395769952292e-09,0.9974043123736821,1,False,Transition
2021-12-28,4786.35009765625,-0.001010665398887,0.0116156828810097,1,0.0008467412252168093,0.9991532006130458,5.816176908187896e-08,0.9991532006130458,1,False,Transition
2021-12-29,4793.06005859375,0.0014009134018575,0.0110952105674555,1,0.00027873487555460337,0.999720975973902,2.891507012385968e-07,0.999720975973902,1,False,Transition
2021-12-30,4778.72998046875,-0.0029942338419051,0.0102557201409495,1,0.00011721857047537668,0.9998801977863325,2.583643156270985e-06,0.9998801977863325,1,False,Transition
2021-12-31,4766.18017578125,-0.0026296343734735,0.0097454405580795,1,8.40797599355546e-05,0.9999024847389522,1.343550102382047e-05,0.9999024847389522,1,False,Transition
2022-01-03,4796.56005859375,0.0063538241703877,0.0087642389770996,1,8.624395566791917e-05,0.999466344268352,0.00044741177592572926,0.999466344268352,1,False,Transition
2022-01-04,4793.5400390625,-0.0006298202522039,0.0072105022954942,1,0.0001612226691806308,0.994889759769495,0.004949017561138883,0.994889759769495,1,False,Transition
2022-01-05,4700.580078125,-0.0195832643045008,0.0091957461402941,1,0.00031213811409122404,0.9996843805027474,3.481383277183041e-06,0.9996843805027474,1,False,Transition
2022-01-06,4696.0498046875,-0.0009642337401807,0.0086375065123177,1,8.637517271954373e-05,0.9990394012695417,0.0008742235575160753,0.9990394012695417,1,False,Transition
2022-01-07,4677.02978515625,-0.0040584410823356,0.0084240347108121,1,8.784571737586227e-05,0.9936127811789145,0.006299373103541886,0.9936127811789145,1,False,Transition
2022-01-10,4670.2900390625,-0.0014420705375393,0.0066441072119856,1,0.00022761964977548537,0.9599159877903579,0.03985639255983975,0.9599159877903579,1,False,Transition
2022-01-11,4713.06982421875,0.0091182864523986,0.0076079926909657,1,0.00015264793876126106,0.9736562263732341,0.026191125688014297,0.9736562263732341,1,False,Transition
2022-01-12,4726.35009765625,0.0028137920146669,0.0076815000585898,1,0.00011298849527218795,0.9842794560874341,0.015607555417216718,0.9842794560874341,1,False,Transition
2022-01-13,4659.02978515625,-0.0143460292343995,0.008712601935882,1,0.00015861010805970992,0.9996867150270341,0.0001546748649235284,0.9996867150270341,1,False,Transition
2022-01-14,4662.85009765625,0.0008196442695904,0.0087765594233707,1,8.798281276302709e-05,0.9997586431101453,0.00015337407726650858,0.9997586431101453,1,False,Transition
2022-01-18,4577.10986328125,-0.0185591053980083,0.0095803386021502,1,0.0002841185463750257,0.9997155472547362,3.341989001566668e-07,0.9997155472547362,1,False,Transition
2022-01-19,4532.759765625,-0.00973679094146,0.0095850727294242,1,0.0001326066904319884,0.9998620229730724,5.370336296267635e-06,0.9998620229730724,1,False,Transition
2022-01-20,4482.72998046875,-0.0110987423043322,0.0085261916765037,1,0.00014570934421524433,0.9998026370726395,5.165358332290501e-05,0.9998026370726395,1,False,Transition
2022-01-21,4397.93994140625,-0.0190959953246352,0.0095045656453568,1,0.0003166712384129577,0.999683023973586,3.047881809140534e-07,0.999683023973586,1,False,Transition
2022-01-24,4410.1298828125,0.0027679047582704,0.0099392776484174,1,0.00015372529520293516,0.9998391573093723,7.117395280197177e-06,0.9998391573093723,1,False,Transition
2022-01-25,4356.4501953125,-0.0122465905568667,0.0099908626095665,1,0.0007299785701198822,0.999268952376146,1.0690538554603366e-06,0.999268952376146,1,False,Transition
2022-01-26,4349.93017578125,-0.001497756925886,0.0085536737827391,1,0.00493033074006942,0.9948495617539579,0.00022010750597934538,0.9948495617539579,1,False,Transition
2022-01-27,4326.509765625,-0.0053986351999704,0.0077551238751564,1,0.07649873798512473,0.9233800225490261,0.00012123946573860453,0.9233800225490261,1,False,Transition
2022-01-28,4431.85009765625,0.0240559679147356,0.0126735675333199,0,0.8870034448132855,0.1129965551866199,1.2689031463642526e-14,0.8870034448132855,0,False,Bear
2022-01-31,4515.5498046875,0.0187098262229845,0.0146886961135975,0,0.9992117302885329,0.000788269711411864,6.62043179807623e-18,0.9992117302885329,0,False,Bear
2022-02-01,4546.5400390625,0.0068395603483182,0.0139152559300244,0,0.999800540893701,0.00019945910648972595,1.7439932355909747e-16,0.999800540893701,0,False,Bear
2022-02-02,4589.3798828125,0.0093784004483232,0.0138441263689188,0,0.9998720898914323,0.0001279101087024206,6.141323590775885e-20,0.9998720898914323,0,False,Bear
2022-02-03,4477.43994140625,-0.0246934717201199,0.0157296434292653,0,0.9999998103835603,1.8961631562052424e-07,3.3585857077497084e-26,0.9999998103835603,0,False,Bear
2022-02-04,4500.52978515625,0.0051436784398628,0.0142811598765863,0,0.9999433433824994,5.665661772502258e-05,3.1769906789451813e-21,0.9999433433824994,0,False,Bear
2022-02-07,4483.8701171875,-0.0037085809278281,0.0144042032520266,0,0.999948219999659,5.178000037953512e-05,1.592001257587609e-18,0.999948219999659,0,False,Bear
2022-02-08,4521.5400390625,0.0083661134666339,0.013648331387267,0,0.9998107254681637,0.00018927453202286385,2.075959176237939e-17,0.9998107254681637,0,False,Bear
2022-02-09,4587.18017578125,0.014412842079265,0.0138976628772352,0,0.9999250301298587,7.49698701853204e-05,4.698586464917077e-20,0.9999250301298587,0,False,Bear
2022-02-10,4504.080078125,-0.0182818244850562,0.0155049155242033,0,0.9999991103272216,8.896726060952991e-07,1.2556038468938744e-25,0.9999991103272216,0,False,Bear
2022-02-11,4418.64013671875,-0.0191516826380855,0.0153210564778264,0,0.9999986273187786,1.3726811066632622e-06,3.3903120059928393e-25,0.9999986273187786,0,False,Bear
2022-02-14,4401.669921875,-0.003847990755629,0.0137961718783037,0,0.9998460461665949,0.00015395383341325347,5.957563363813597e-20,0.9998460461665949,0,False,Bear
2022-02-15,4471.06982421875,0.0156437176460642,0.0147127347105413,0,0.9999886614834197,1.1338516688263271e-05,1.7492218798049748e-20,0.9999886614834197,0,False,Bear
2022-02-16,4475.009765625,0.0008808197202831,0.0142413083291547,0,0.9999325629421657,6.743705797832848e-05,2.6346684509531757e-19,0.9999325629421657,0,False,Bear
2022-02-17,4380.259765625,-0.0214005041369365,0.0136994888396713,0,0.9999542716087686,4.5728391415244454e-05,1.5821780302819454e-19,0.9999542716087686,0,False,Bear
2022-02-18,4348.8701171875,-0.0071919616638655,0.0135195201575413,0,0.9997364469998962,0.000263553000113533,6.270085798870485e-17,0.9997364469998962,0,False,Bear
2022-02-22,4304.759765625,-0.0101947354350162,0.0136890102740327,0,0.9998275339986359,0.0001724660015533079,3.29580942454406e-17,0.9998275339986359,0,False,Bear
2022-02-23,4225.5,-0.0185837357487876,0.0136198863228908,0,0.9999227510150239,7.724898500300747e-05,1.1742439615640633e-18,0.9999227510150239,0,False,Bear
2022-02-24,4288.7001953125,0.0148461052527242,0.0136952443963096,0,0.999901942186563,9.805781356986374e-05,1.715070845149661e-20,0.999901942186563,0,False,Bear
2022-02-25,4384.64990234375,0.0221260805512653,0.0157191997998356,0,0.9999996761876515,3.238124818960748e-07,2.749214441307763e-25,0.9999996761876515,0,False,Bear
2022-02-28,4373.93994140625,-0.0024455914631271,0.014624618986903,0,0.9999736214431708,2.6378556973135226e-05,2.9619583365807814e-23,0.9999736214431708,0,False,Bear
2022-03-01,4306.259765625,-0.0155944677866113,0.0153319223572748,0,0.9999981038044795,1.8961956378586493e-06,1.924872317242428e-25,0.9999981038044795,0,False,Bear
2022-03-02,4386.5400390625,0.0184710467806503,0.0157185546743142,0,0.9999995036029172,4.963971122468717e-07,2.244727632093048e-27,0.9999995036029172,0,False,Bear
2022-03-03,4363.490234375,-0.0052685207442451,0.015717584825612,0,0.9999984888606881,1.5111393811259856e-06,5.23049977240359e-25,0.9999984888606881,0,False,Bear
2022-03-04,4328.8701171875,-0.0079656845430022,0.0144476540023132,0,0.9999683513230305,3.164867712765643e-05,7.542510742397488e-26,0.9999683513230305,0,False,Bear
2022-03-07,4201.08984375,-0.0299625868144151,0.0170588822362736,0,0.9999999990341166,9.659810244161477e-10,5.154817593601268e-36,0.9999999990341166,0,False,Bear
2022-03-08,4170.7001953125,-0.0072600439756982,0.0169550229146415,0,0.9999999692486203,3.0751540765196265e-08,1.7422697412345222e-37,0.9999999692486203,0,False,Bear
2022-03-09,4277.8798828125,0.0253735981221403,0.0181678405833578,0,0.9999999999481588,5.171912337417548e-11,2.0063462183170554e-41,0.9999999999481588,0,False,Bear
2022-03-10,4259.52001953125,-0.0043010499202473,0.017572842242024,0,0.9999999957844921,4.215421638846612e-09,1.2630009896710651e-36,0.9999999957844921,0,False,Bear
2022-03-11,4204.31005859375,-0.0130462789332383,0.0159448690481706,0,0.9999995508047604,4.4919534420239166e-07,2.1182118972031225e-30,0.9999995508047604,0,False,Bear
2022-03-14,4173.10986328125,-0.0074486750955333,0.0159621876725044,0,0.999999341169531,6.588306913472675e-07,3.7161491911077946e-30,0.999999341169531,0,False,Bear
2022-03-15,4262.4501953125,0.0211826297241461,0.0173496977476203,0,0.9999999979531822,2.0468853655298895e-09,2.977615764736669e-37,0.9999999979531822,0,False,Bear
2022-03-16,4357.85986328125,0.0221369216483928,0.0178391738195741,0,0.9999999996925908,3.073692231505511e-10,1.0058382170370236e-41,0.9999999996925908,0,False,Bear
2022-03-17,4411.669921875,0.0122722050687009,0.0181940755006278,0,0.9999999997257873,2.742234610318387e-10,1.3833508756085643e-41,0.9999999997257873,0,False,Bear
2022-03-18,4463.1201171875,0.0115948144118878,0.018162803329716,0,0.9999999995084181,4.916642752620944e-10,2.185723518513155e-35,0.9999999995084181,0,False,Bear
2022-03-21,4461.18017578125,-0.0004347548543019,0.0141573101735278,0,0.9994539000447091,0.0005460999552475308,1.9467945445337235e-21,0.9994539000447091,0,False,Bear
2022-03-22,4511.60986328125,0.0112406995540741,0.013420616939649,0,0.9929035813079153,0.0070964186919697785,2.9609650848365964e-14,0.9929035813079153,0,False,Bear
2022-03-23,4456.240234375,-0.0123486302524948,0.0132503966060656,0,0.9608972113011965,0.03910278869856386,3.216213071274639e-13,0.9608972113011965,0,False,Bear
2022-03-24,4520.16015625,0.0142420122816186,0.0132439482987126,0,0.8228861525143439,0.17711384748349931,2.2323376430006695e-12,0.8228861525143439,0,False,Bear
2022-03-25,4543.06005859375,0.0050533807042363,0.0114804172432748,1,0.1599331895654956,0.8400667963166182,1.411800186494052e-08,0.8400667963166182,1,False,Transition
2022-03-28,4575.52001953125,0.0071195510200432,0.0101893278577085,1,0.014514534512513685,0.9854832753043317,2.1901833377624493e-06,0.9854832753043317,1,False,Transition
2022-03-29,4631.60009765625,0.012182044101392,0.0093791473026898,1,0.0015025580986420986,0.9984883206924494,9.121208862512752e-06,0.9984883206924494,1,False,Transition
2022-03-30,4602.4501953125,-0.0063135889990899,0.0090258916257502,1,0.00021764210113720746,0.9997403892504864,4.196864816077724e-05,0.9997403892504864,1,False,Transition
2022-03-31,4530.41015625,-0.0157763352268816,0.0108481826001306,1,0.0004075246759902002,0.9995924465598839,2.8764060683067236e-08,0.9995924465598839,1,False,Transition
2022-04-01,4545.85986328125,0.0034044209614627,0.0103981608712283,1,0.00014660643159316965,0.999851397890537,1.9956777178419026e-06,0.999851397890537,1,False,Transition
2022-04-04,4582.64013671875,0.008058382532134,0.0105379166047658,1,0.00018048759583024556,0.9998186374036505,8.750003286854995e-07,0.9998186374036505,1,False,Transition
2022-04-05,4525.1201171875,-0.0126311590740062,0.0110749182988535,1,0.0003650679520451989,0.9996348916657047,4.038213260786501e-08,0.9996348916657047,1,False,Transition
2022-04-06,4481.14990234375,-0.009764433912478,0.0107730457966613,1,0.00023616594222919895,0.9997636289243974,2.0513317387297485e-07,0.9997636289243974,1,False,Transition
2022-04-07,4500.2099609375,0.0042443655520365,0.0097801215508869,1,9.551234139004437e-05,0.9998942608091331,1.0226849624381154e-05,0.9998942608091331,1,False,Transition
2022-04-08,4488.27978515625,-0.0026545466755525,0.0096009648731362,1,9.284674981351756e-05,0.9998919367811355,1.521646925706193e-05,0.9998919367811355,1,False,Transition
2022-04-11,4412.52978515625,-0.0170213345846956,0.0102837210258404,1,0.00029640497041053383,0.9997035003718381,9.465770933452186e-08,0.9997035003718381,1,False,Transition
2022-04-12,4397.4501953125,-0.0034233005304535,0.0086765993251965,1,9.341514288372032e-05,0.9997643393953628,0.00014224546161155263,0.9997643393953628,1,False,Transition
2022-04-13,4446.58984375,0.0111126032689021,0.0100643334636182,1,0.00014524251584023155,0.9998526967037076,2.0607803896070856e-06,0.9998526967037076,1,False,Transition
2022-04-14,4392.58984375,-0.0122184803835079,0.00963364775102,1,0.00016850828413931632,0.9998290270070032,2.4647087837937047e-06,0.9998290270070032,1,False,Transition
2022-04-18,4391.68994140625,-0.0002048892724069,0.0094287555067344,1,0.0003288541023472239,0.9996441369874118,2.7008910067744288e-05,0.9996441369874118,1,False,Transition
2022-04-19,4462.2099609375,0.0159300447493873,0.010734493882726,1,0.004154939103188379,0.9958449755001978,8.539649198203883e-08,0.9958449755001978,1,False,Transition
2022-04-20,4459.4501953125,-0.0006186664061829,0.0101513658285713,1,0.018022270120054723,0.9819745828734336,3.14700641221813e-06,0.9819745828734336,1,False,Transition
2022-04-21,4393.66015625,-0.0148628555513106,0.0107264293147343,1,0.20667673551762678,0.7933232633850267,1.0974493757480738e-09,0.7933232633850267,1,False,Transition
2022-04-22,4271.77978515625,-0.0281320763773678,0.0132346708275081,0,0.9798715242058362,0.02012847579424392,1.1856750528970074e-16,0.9798715242058362,0,False,Bear
2022-04-25,4296.1201171875,0.0056817651441125,0.0136688964430295,0,0.9968410216122322,0.003158978387747057,4.865749658984942e-17,0.9968410216122322,0,False,Bear
2022-04-26,4175.2001953125,-0.0285500089285974,0.0152488332401962,0,0.9999989200038192,1.0799963236307341e-06,5.906575729771411e-26,0.9999989200038192,0,False,Bear
2022-04-27,4183.9599609375,0.0020958490249647,0.0154322747037158,0,0.9999964478437839,3.552156398050047e-06,3.7603060803782977e-28,0.9999964478437839,0,False,Bear
2022-04-28,4287.5,0.0244456553408323,0.0174242087288798,0,0.9999999990732249,9.267904253125819e-10,1.4603644499641667e-43,0.9999999990732249,0,False,Bear
2022-04-29,4131.93017578125,-0.0369591597846952,0.0202967617624546,0,1.0,3.7210950553334924e-16,7.558119428287469e-62,1.0,0,False,Bear
2022-05-02,4155.3798828125,0.0056591992938184,0.0205694460518078,0,1.0,1.4832578518189398e-14,1.2866102077932479e-58,1.0,0,False,Bear
2022-05-03,4175.47998046875,0.0048254650753598,0.0195569458904593,0,0.999999999998181,1.6013501661970693e-12,6.855709073970572e-61,0.999999999998181,0,False,Bear
2022-05-04,4300.169921875,0.0294252215573269,0.0226483665086954,0,1.0,1.401942122743443e-20,1.3959680863730823e-82,1.0,0,False,Bear
2022-05-05,4146.8701171875,-0.0363006775640997,0.0247464261726538,0,1.0,6.241928761193821e-27,2.1520947130767187e-100,1.0,0,False,Bear
2022-05-06,4123.33984375,-0.0056903844139526,0.0234793989698431,0,1.0,2.0985436663389036e-21,2.2574180764091523e-96,1.0,0,False,Bear
2022-05-09,3991.239990234375,-0.0325615195396036,0.0248836049898541,0,1.0,6.554206307457895e-27,2.7597300021892807e-101,1.0,0,False,Bear
2022-05-10,4001.050048828125,0.0024548817604088,0.0238606917993356,0,1.0,2.310555864714035e-22,2.1316193486254707e-95,1.0,0,False,Bear
2022-05-11,3935.179931640625,-0.0166002320956977,0.0240390960127674,0,1.0,2.716957649615629e-23,2.7186895541466183e-87,1.0,0,False,Bear
2022-05-12,3930.080078125,-0.0012968049941122,0.0216618376669001,0,1.0,6.675836486155991e-17,5.87771838568438e-75,1.0,0,False,Bear
2022-05-13,4023.889892578125,0.0235892679568685,0.0213464942711691,0,1.0,4.821191525795368e-17,5.594790149339767e-69,1.0,0,False,Bear
2022-05-16,4008.010009765625,-0.0039542085177224,0.021146263808568,0,1.0,8.973245933870348e-16,1.4868702133505967e-68,1.0,0,False,Bear
2022-05-17,4088.85009765625,0.019968919581462,0.0223268235387808,0,1.0,4.565297287094141e-19,4.555095432041285e-77,1.0,0,False,Bear
2022-05-18,3923.679931640625,-0.0412338092912474,0.022423242034675,0,1.0,1.9726946776730866e-21,3.663756808659381e-82,1.0,0,False,Bear
2022-05-19,3900.7900390625,-0.0058508647773489,0.0202949926783979,0,1.0,5.259621084552978e-14,1.5961088251887964e-64,1.0,0,False,Bear
2022-05-20,3901.360107421875,0.0001461310919914,0.0203923308541426,0,1.0,3.825361588383024e-14,1.8978835398315444e-55,1.0,0,False,Bear
2022-05-23,3973.75,0.0183849954120596,0.0192200221537742,0,0.9999999999977263,2.2463528154589826e-12,1.5614304426251533e-52,0.9999999999977263,0,False,Bear
2022-05-24,3941.47998046875,-0.0081539509035568,0.0193349734632443,0,0.999999999996362,3.466270346815178e-12,5.8890256105918395e-49,0.999999999996362,0,False,Bear
2022-05-25,3978.72998046875,0.0094063856489317,0.0188204129901481,0,0.9999999999713509,2.8811073050765303e-11,9.341283353045449e-49,0.9999999999713509,0,False,Bear
2022-05-26,4057.840087890625,0.0196881660077199,0.0196739658990747,0,0.9999999999995453,2.623583178123696e-13,2.2939945523438e-53,0.9999999999995453,0,False,Bear
2022-05-27,4158.240234375,0.0244411301958216,0.0197736545627355,0,1.0,7.918074294550673e-14,2.142822307616512e-56,1.0,0,False,Bear
2022-05-31,4132.14990234375,-0.0062941351936665,0.0198823751459931,0,0.9999999999995453,3.4447140855029684e-13,6.3284852863746905e-53,0.9999999999995453,0,False,Bear
2022-06-01,4101.22998046875,-0.0075109050411548,0.019170476963698,0,0.9999999999913598,8.428826032830213e-12,2.797328666168419e-42,0.9999999999913598,0,False,Bear
2022-06-02,4176.81982421875,0.018263225415545,0.0131272394177761,0,0.9998245275135452,0.00017547248663966813,2.925895890960688e-25,0.9998245275135452,0,False,Bear
2022-06-03,4108.5400390625,-0.0164824056098176,0.0145678146280216,0,0.9999867874948649,1.321250496857123e-05,7.672726324862635e-21,0.9999867874948649,0,False,Bear
2022-06-06,4121.43017578125,0.0031324894070365,0.0144833187448781,0,0.9999593804223825,4.0619577631938814e-05,1.8262607474170327e-19,0.9999593804223825,0,False,Bear
2022-06-07,4160.68017578125,0.009478331531719,0.013862608263284,0,0.9998867062589927,0.00011329374116956495,3.141519448778629e-18,0.9998867062589927,0,False,Bear
2022-06-08,4115.77001953125,-0.0108526230401544,0.0141614582197599,0,0.9999468576539815,5.3142345847259767e-05,1.9099749168361212e-22,0.9999468576539815,0,False,Bear
2022-06-09,4017.820068359375,-0.024086457665156,0.0165806686995823,0,0.9999999849401321,1.5059986010722775e-08,1.2106763375636572e-34,0.9999999849401321,0,False,Bear
2022-06-10,3900.860107421875,-0.0295424148114094,0.0176801716313213,0,0.9999999998813109,1.1881577518229735e-10,4.883828701306673e-45,0.9999999998813109,0,False,Bear
2022-06-13,3749.6298828125,-0.0395399319900402,0.0178422632126046,0,0.9999999999949978,5.155107242023888e-12,1.0489099748105924e-49,0.9999999999949978,0,False,Bear
2022-06-14,3735.47998046875,-0.0037808180394893,0.0179231597066689,0,0.9999999987999217,1.2001414247628157e-09,1.5801512628006182e-44,0.9999999987999217,0,False,Bear
2022-06-15,3789.989990234375,0.0144870588365346,0.0195511879950432,0,0.9999999999990905,8.513704411617071e-13,5.478321712291184e-49,0.9999999999990905,0,False,Bear
2022-06-16,3666.77001953125,-0.0330522071138403,0.0186363355348731,0,0.9999999999986358,1.3908201291854111e-12,7.203604168253017e-54,0.9999999999986358,0,False,Bear
2022-06-17,3674.840087890625,0.0021984473410121,0.0191794974733953,0,0.9999999999913598,8.643355970371255e-12,4.2127602753589786e-55,0.9999999999913598,0,False,Bear
2022-06-21,3764.7900390625,0.0241824749606731,0.0218860861745612,0,1.0,2.576037350549627e-18,2.1444638717607496e-66,1.0,0,False,Bear
2022-06-22,3759.889892578125,-0.0013024200953584,0.0211242168185802,0,1.0,1.0622768326705255e-15,2.2509468790103667e-68,1.0,0,False,Bear
2022-06-23,3795.72998046875,0.0094870724855571,0.0220075357422012,0,1.0,7.870181712137038e-18,5.89554515882098e-77,1.0,0,False,Bear
2022-06-24,3911.739990234375,0.0301055397299006,0.0241956222191576,0,1.0,1.1432757926520689e-24,2.2576991604929548e-88,1.0,0,False,Bear
2022-06-27,3900.110107421875,-0.0029774998903402,0.022302355418108,0,1.0,2.0483701150439394e-18,1.1395268591457003e-74,1.0,0,False,Bear
2022-06-28,3821.550048828125,-0.0203486731494955,0.0191227769481576,0,0.9999999999977263,2.325761918361854e-12,9.62836265834108e-57,0.9999999999977263,0,False,Bear
2022-06-29,3818.830078125,-0.0007119988201722,0.0190459534694601,0,0.9999999999845386,1.5272400839878202e-11,2.7259601661704425e-47,0.9999999999845386,0,False,Bear
2022-06-30,3785.3798828125,-0.0087978662463683,0.0187995664327176,0,0.9999999999686224,3.142564327215266e-11,1.0779551958711165e-40,0.9999999999686224,0,False,Bear
2022-07-01,3825.330078125,0.0104985112966407,0.0149796844040346,0,0.9999916668436308,8.333156305983483e-06,3.536992946724254e-27,0.9999916668436308,0,False,Bear
2022-07-05,3831.389892578125,0.0015828751061928,0.0149902368589993,0,0.9999406812339758,5.93187659393364e-05,2.346994590797609e-19,0.9999406812339758,0,False,Bear
2022-07-06,3845.080078125,0.0035667957050655,0.0132489126090521,0,0.9953048195917751,0.004695180408422821,1.3682048629674379e-14,0.9953048195917751,0,False,Bear
2022-07-07,3902.6201171875,0.0148537231809307,0.0137616673424817,0,0.9852744610021186,0.014725538997741029,3.478377778549315e-14,0.9852744610021186,0,False,Bear
2022-07-08,3899.3798828125,-0.0008306163961275,0.0136681933334211,0,0.8455236322952484,0.15447636770366627,1.104155348440072e-12,0.8455236322952484,0,False,Bear
2022-07-11,3854.429931640625,-0.0115944176605253,0.0103293535246669,1,0.11587568060328897,0.884124250476682,6.891986243251781e-08,0.884124250476682,1,False,Transition
2022-07-12,3818.800048828125,-0.0092868684974938,0.010619872885721,1,0.015828865322356528,0.9841707889714117,3.4570637675868193e-07,0.9841707889714117,1,False,Transition
2022-07-13,3801.780029296875,-0.0044668641118157,0.0085804544210214,1,0.002159869994403537,0.9976661258351951,0.00017400417023903281,0.9976661258351951,1,False,Transition
2022-07-14,3790.3798828125,-0.0030031388127653,0.0086167024340079,1,0.0025805153177627972,0.9972359026090203,0.00018358207340263098,0.9972359026090203,1,False,Transition
2022-07-15,3863.159912109375,0.0190192316586337,0.0100927927249097,1,0.023960466700199478,0.9760393562516665,1.7704831668326696e-07,0.9760393562516665,1,False,Transition
2022-07-18,3830.85009765625,-0.008398742485836,0.0101009395850018,1,0.10580321537738606,0.8941967140277329,7.059506589001627e-08,0.8941967140277329,1,False,Transition
2022-07-19,3936.68994140625,0.0272535176437305,0.0132715571692868,0,0.96013492175746,0.039865078242501024,3.954177428637751e-15,0.96013492175746,0,False,Bear
2022-07-20,3959.89990234375,0.0058784939410578,0.0133081975261277,0,0.9838708927767895,0.01612910722177327,1.573736257205896e-12,0.9838708927767895,0,False,Bear
2022-07-21,3998.949951171875,0.0098130666895048,0.012895990042776,0,0.9914873818026866,0.008512618195906907,1.4394155144370215e-12,0.9914873818026866,0,False,Bear
2022-07-22,3961.6298828125,-0.0093762872938132,0.0134095984422944,0,0.996094411837982,0.003905588162094415,1.2149443511399445e-13,0.996094411837982,0,False,Bear
2022-07-25,3966.840087890625,0.0013143029733058,0.0125967354571839,0,0.9955810815892285,0.004418918408261853,2.303624806065897e-12,0.9955810815892285,0,False,Bear
2022-07-26,3921.050048828125,-0.0116103425992637,0.0128645612320054,0,0.9980605506032453,0.001939449396937196,1.2906320092673108e-15,0.9980605506032453,0,False,Bear
2022-07-27,4023.610107421875,0.0258200487786286,0.0144699270397093,0,0.9999868964263404,1.3103573609418973e-05,1.6062792470807998e-20,0.9999868964263404,0,False,Bear
2022-07-28,4072.429931640625,0.012060319791912,0.0142489788646522,0,0.9996662641380895,0.00033373586179445447,8.136579934505172e-18,0.9996662641380895,0,False,Bear
2022-07-29,4130.2900390625,0.0141077757817544,0.0138751940757193,0,0.9914158037849723,0.008584196215211962,1.993770068393706e-15,0.9914158037849723,0,False,Bear
2022-08-01,4118.6298828125,-0.002827076544916,0.0133021782664595,0,0.8629299145190947,0.13707008547914085,1.9744923208556576e-12,0.8629299145190947,0,False,Bear
2022-08-02,4091.18994140625,-0.006684688378872,0.011883400874985,1,0.5133765391123947,0.48662345897703874,1.910459677021088e-09,0.5133765391123947,0,True,Transition
2022-08-03,4155.169921875,0.015517456270091,0.0124439596807487,1,0.3824921283394948,0.6175078713924415,2.6822992119464006e-10,0.6175078713924415,1,False,Transition
2022-08-04,4151.93994140625,-0.0007776424495844,0.0124218319833736,1,0.17956638429368968,0.820433612747321,2.9591277407871643e-09,0.820433612747321,1,False,Transition
2022-08-05,4145.18994140625,-0.0016270690189177,0.0117343636724873,1,0.04851430978163199,0.9514856579732972,3.224501463374202e-08,0.9514856579732972,1,False,Transition
2022-08-08,4140.06005859375,-0.0012383171221213,0.0118393659497398,1,0.013165272074303316,0.9868347001973551,2.772818820991332e-08,0.9868347001973551,1,False,Transition
2022-08-09,4122.47021484375,-0.004257744235927,0.0109372291909827,1,0.002207874843681153,0.9977917979836836,3.271726304721759e-07,0.9977917979836836,1,False,Transition
2022-08-10,4210.240234375,0.0210671584604078,0.0099950846704165,1,0.0009719947243124634,0.9990279024447595,1.0283072260295466e-07,0.9990279024447595,1,False,Transition
2022-08-11,4207.27001953125,-0.000705722922202,0.0097389705177961,1,0.00015479901035377917,0.9998333178973745,1.1883092073481866e-05,0.9998333178973745,1,False,Transition
2022-08-12,4280.14990234375,0.0171740469514922,0.0101578106071268,1,0.00027337364639803784,0.9997263390295351,2.873240420323303e-07,0.9997263390295351,1,False,Transition
2022-08-15,4297.14013671875,0.0039616840562342,0.0099069732380588,1,0.00010054520000778846,0.9998918548886273,7.599911423462814e-06,0.9998918548886273,1,False,Transition
2022-08-16,4305.2001953125,0.001873922825947,0.0092027029514984,1,7.944806079946783e-05,0.999870504939404,5.0046999719875515e-05,0.999870504939404,1,False,Transition
2022-08-17,4274.0400390625,-0.0072641148676471,0.0091566606394673,1,0.00019618731669894356,0.9997761870550737,2.7625628181511004e-05,0.9997761870550737,1,False,Transition
2022-08-18,4283.740234375,0.0022669896063849,0.0090739672880215,1,0.0016576296796152294,0.9982759727574142,6.639756292434869e-05,0.9982759727574142,1,False,Transition
2022-08-19,4228.47998046875,-0.0129839287130391,0.010355092321741,1,0.02737598839487828,0.9726237745756269,2.370295061087609e-07,0.9726237745756269,1,False,Transition
2022-08-22,4137.990234375,-0.0216323664664948,0.0127846665769293,1,0.18919868054911207,0.8108013194458839,4.959240283754716e-12,0.8108013194458839,1,False,Transition
2022-08-23,4128.72998046875,-0.0022403704344373,0.0127266778291922,1,0.2071068501409806,0.7928931486006702,1.2581947749306263e-09,0.7928931486006702,1,False,Transition
2022-08-24,4140.77001953125,0.0029119166987232,0.0105141024567566,1,0.2227518238199713,0.7772474028588209,7.733214236335832e-07,0.7772474028588209,1,False,Transition
2022-08-25,4199.1201171875,0.0139932418361077,0.0116310698768694,1,0.47011376090731993,0.5298862390872396,5.402392919500436e-12,0.5298862390872396,1,False,Transition
2022-08-26,4057.659912109375,-0.0342685763170393,0.0141905286699183,0,0.9994958968190301,0.0005041031810521331,1.3974538385275088e-21,0.9994958968190301,0,False,Bear
2022-08-29,4030.610107421875,-0.006688675197326,0.0138095526848847,0,0.9997800802254259,0.0002199197747875489,2.4682710968633415e-16,0.9997800802254259,0,False,Bear
2022-08-30,3986.159912109375,-0.0110894164921155,0.0135522808877999,0,0.9997650323395325,0.00023496766042140887,1.5825725547231657e-16,0.9997650323395325,0,False,Bear
2022-08-31,3955.0,-0.007847738208154,0.0135514540959471,0,0.9996931464034977,0.00030685359640807977,4.916445679163404e-16,0.9996931464034977,0,False,Bear
2022-09-01,3966.85009765625,0.0029917522671958,0.0136128258398849,0,0.9996308171157274,0.00036918288417147526,1.5572005718579887e-15,0.9996308171157274,0,False,Bear
2022-09-02,3924.260009765625,-0.010794552570724,0.0135355269282514,0,0.9995440315387611,0.000455968461324645,1.3320369951231808e-15,0.9995440315387611,0,False,Bear
2022-09-06,3908.18994140625,-0.0041034646908961,0.0125998485126613,0,0.9985370932345424,0.001462906765227064,3.2941874779261612e-15,0.9985370932345424,0,False,Bear
2022-09-07,3979.8701171875,0.0181748486661703,0.0147034451917994,0,0.999983342992468,1.665700771833082e-05,9.776810306916302e-21,0.999983342992468,0,False,Bear
2022-09-08,4006.179931640625,0.0065889668804413,0.0149306158439419,0,0.9999882703647367,1.1729635438752017e-05,2.6340625671707892e-21,0.9999882703647367,0,False,Bear
2022-09-09,4067.360107421875,0.0151560149812119,0.01508403430989,0,0.9999730800563211,2.691994387405632e-05,1.4978134652713387e-20,0.9999730800563211,0,False,Bear
2022-09-12,4110.41015625,0.0105286514839963,0.0108996712155487,0,0.9937954259111653,0.006204574088644673,2.416244951043115e-21,0.9937954259111653,0,False,Bear
2022-09-13,3932.68994140625,-0.0441991630319744,0.0180562376323435,0,0.999999999996362,3.713498844422656e-12,4.2982218483848406e-45,0.999999999996362,0,False,Bear
2022-09-14,3946.010009765625,0.0033812890788453,0.017866623385188,0,0.9999999984784154,1.5217774244266847e-09,1.2971215050356794e-41,0.9999999984784154,0,False,Bear
2022-09-15,3901.35009765625,-0.0113822721681504,0.0180508836829013,0,0.9999999995202415,4.797598574367674e-10,1.858546632141737e-40,0.9999999995202415,0,False,Bear
2022-09-16,3873.330078125,-0.007208049775663,0.0180654667028822,0,0.9999999993906385,6.093789623083799e-10,2.2589659686332625e-40,0.9999999993906385,0,False,Bear
2022-09-19,3899.889892578125,0.0068336977247049,0.0180137766245306,0,0.9999999992182893,7.815512704904899e-10,1.6147435970385762e-40,0.9999999992182893,0,False,Bear
2022-09-20,3855.929931640625,-0.0113361147365989,0.0183117817438122,0,0.999999999821739,1.7813049583033725e-10,3.2151804993060933e-41,0.999999999821739,0,False,Bear
2022-09-21,3789.929931640625,-0.0172646740985076,0.0175265567611953,0,0.9999999982687768,1.7310232549405288e-09,3.5590675627484965e-39,0.9999999982687768,0,False,Bear
2022-09-22,3757.989990234375,-0.008463293830454,0.0170716185581893,0,0.9999999805149857,1.9485198883134797e-08,7.739383472426428e-33,0.9999999805149857,0,False,Bear
2022-09-23,3693.22998046875,-0.0173828287673298,0.0155397142365609,0,0.9999958390440209,4.160956173298188e-06,1.2858781743687357e-25,0.9999958390440209,0,False,Bear
2022-09-26,3655.0400390625,-0.010394360890281,0.0138362391490646,0,0.9957809981630925,0.004219001836870773,4.432324545559004e-17,0.9957809981630925,0,False,Bear
2022-09-27,3647.2900390625,-0.0021226109548244,0.0080619795030273,0,0.950459485693594,0.04953865832515301,1.855981278642477e-06,0.950459485693594,0,False,Bear
2022-09-28,3719.0400390625,0.0194811441811531,0.0114003462467727,0,0.9644308671811752,0.035569132778512876,4.0309450144388195e-11,0.9644308671811752,0,False,Bear
2022-09-29,3640.469970703125,-0.0213527948230982,0.0123289458996193,0,0.9880323533086659,0.011967646691142544,1.191891710961694e-13,0.9880323533086659,0,False,Bear
2022-09-30,3585.6201171875,-0.0151813515462091,0.0126043202504369,0,0.9955016597186557,0.004498340281144957,4.957747279375346e-17,0.9955016597186557,0,False,Bear
2022-10-03,3678.429931640625,0.0255545775309293,0.0159516537319408,0,0.9999995720514568,4.279485773809058e-07,1.549780008387558e-33,0.9999995720514568,0,False,Bear
2022-10-04,3790.929931640625,0.0301253414168005,0.0193850092654426,0,1.0,1.4276639986491672e-13,4.5858703445875427e-48,1.0,0,False,Bear
2022-10-05,3783.280029296875,-0.0020199875589383,0.0186088781693553,0,0.9999999999104148,8.942721344838185e-11,8.611458891767116e-47,0.9999999999104148,0,False,Bear
2022-10-06,3744.52001953125,-0.0102979229113948,0.0187084414267828,0,0.9999999999595275,4.0474271165628623e-11,7.896638145697128e-49,0.9999999999595275,0,False,Bear
2022-10-07,3639.659912109375,-0.0284031965314781,0.0200958028715192,0,1.0,7.464017460103711e-15,1.121669292720262e-57,1.0,0,False,Bear
2022-10-10,3612.389892578125,-0.0075206731336532,0.019974042040476,0,1.0,2.1293527340846078e-13,3.6886974257466996e-56,1.0,0,False,Bear
2022-10-11,3588.840087890625,-0.0065405184123239,0.0200460893859981,0,1.0,1.6147945245741258e-13,3.360717332494828e-52,1.0,0,False,Bear
2022-10-12,3577.030029296875,-0.0032961996501654,0.0186264005416011,0,0.999999999919055,8.107913123100621e-11,2.1746200879582775e-49,0.999999999919055,0,False,Bear
2022-10-13,3669.909912109375,0.0256342593076315,0.0196320233557288,0,1.0,1.1982918613061965e-13,5.235431125434525e-56,1.0,0,False,Bear
2022-10-14,3583.070068359375,-0.0239471207445287,0.0205971271797627,0,1.0,1.6670486504178878e-15,3.368112344216447e-63,1.0,0,False,Bear
2022-10-17,3677.949951171875,0.0261355245575618,0.0206780961824453,0,1.0,8.576305629677803e-16,3.504801117184927e-60,1.0,0,False,Bear
2022-10-18,3719.97998046875,0.0113627682070873,0.0183609978145303,0,0.9999999998444764,1.5556313715237427e-10,4.102543616643004e-48,0.9999999998444764,0,False,Bear
2022-10-19,3695.159912109375,-0.0066944552396854,0.0184240889327584,0,0.9999999998417479,1.5807371375612375e-10,1.1595004085386248e-42,0.9999999998417479,0,False,Bear
2022-10-20,3665.780029296875,-0.0079826867387655,0.0183275033098251,0,0.999999999785814,2.1417436513169243e-10,1.1753422280008198e-41,0.999999999785814,0,False,Bear
2022-10-21,3752.75,0.0234477598604474,0.0173770937949457,0,0.9999999987066985,1.2931689979279249e-09,8.164863307856622e-40,0.9999999987066985,0,False,Bear
2022-10-24,3797.340087890625,0.0118119402051117,0.0171430144736303,0,0.999999987459887,1.2540154917476998e-08,8.785919793427182e-36,0.999999987459887,0,False,Bear
2022-10-25,3859.110107421875,0.0161357700158735,0.0169465126279671,0,0.9999999842798389,1.5720320978399797e-08,4.995070691183645e-35,0.9999999842798389,0,False,Bear
2022-10-26,3830.60009765625,-0.0074151403989883,0.0172784215691548,0,0.999999989747721,1.0252282078933743e-08,1.0832080755791275e-33,0.999999989747721,0,False,Bear
2022-10-27,3807.300048828125,-0.0061011850531844,0.016333310833126,0,0.9999997632430957,2.36757000723638e-07,3.811864661236737e-29,0.9999997632430957,0,False,Bear
2022-10-28,3901.06005859375,0.0243280367708553,0.0142652648202051,0,0.9999909735995899,9.026400327849036e-06,1.2174770736506553e-23,0.9999909735995899,0,False,Bear
2022-10-31,3871.97998046875,-0.0074823270303365,0.0135936160396784,0,0.9997724303716848,0.00022756962829285394,1.0497674478432575e-17,0.9997724303716848,0,False,Bear
2022-11-01,3856.10009765625,-0.0041096637203583,0.0136869923048717,0,0.9997791653176279,0.00022083468255692414,5.093124987207803e-20,0.9997791653176279,0,False,Bear
2022-11-02,3759.68994140625,-0.025319843737483,0.0162667489585264,0,0.9999999637152548,3.6284967310172814e-08,1.910279347310527e-30,0.9999999637152548,0,False,Bear
2022-11-03,3719.889892578125,-0.0106424225319567,0.0164637783088801,0,0.9999998818871133,1.1811269561704197e-07,5.5228922951862805e-30,0.9999998818871133,0,False,Bear
2022-11-04,3770.550048828125,0.0135268232855629,0.01524581224829,0,0.9999968713663122,3.128633777474601e-06,1.1622037071993002e-25,0.9999968713663122,0,False,Bear
2022-11-07,3806.800048828125,0.00956806167936,0.0150759525033966,0,0.9999929416066057,7.05839341672431e-06,2.7431301881371133e-22,0.9999929416066057,0,False,Bear
2022-11-08,3828.110107421875,0.0055822828287599,0.0141832136275255,0,0.9999335967715474,6.640322864025798e-05,2.3836871063609706e-21,0.9999335967715474,0,False,Bear
2022-11-09,3748.570068359375,-0.0209967847123024,0.0154775761644236,0,0.9999993612516157,6.387485428223158e-07,3.239698842665347e-45,0.9999993612516157,0,False,Bear
2022-11-10,3956.3701171875,0.0539525156647968,0.0234022786749599,0,1.0,1.0540803920021144e-25,9.122442592851823e-86,1.0,0,False,Bear
2022-11-11,3992.929931640625,0.00919831230477,0.0223981175726332,0,1.0,9.420490974483214e-19,4.626388945418643e-83,1.0,0,False,Bear
2022-11-14,3957.25,-0.0089759405449179,0.0224756500203742,0,1.0,5.923168513009042e-19,1.4237407370018187e-76,1.0,0,False,Bear
2022-11-15,3991.72998046875,0.0086753764146685,0.0224418272996021,0,1.0,7.629890526397374e-19,3.561510405651214e-72,1.0,0,False,Bear
2022-11-16,3958.7900390625,-0.0082862831118735,0.0205845405140118,0,1.0,1.1647360805588732e-14,9.185762126651773e-63,1.0,0,False,Bear
2022-11-17,3946.56005859375,-0.0030941046442301,0.0200727089966782,0,1.0,1.6273633961007857e-13,1.1165272690774362e-55,1.0,0,False,Bear
2022-11-18,3965.340087890625,0.0047472956481584,0.0198939939077813,0,0.9999999999995453,3.577566574545089e-13,5.1976948721503325e-54,0.9999999999995453,0,False,Bear
2022-11-21,3949.93994140625,-0.0038912498002758,0.0200083558367204,0,1.0,2.1375679666224046e-13,6.4181167524228736e-55,1.0,0,False,Bear
2022-11-22,4003.580078125,0.0134886062698296,0.0202461838022025,0,1.0,4.048404811368447e-14,4.27591198722141e-50,1.0,0,False,Bear
2022-11-23,4027.260009765625,0.0058972660417371,0.0181649518312245,0,0.999999726530442,2.7346939118894996e-07,2.5067509691760854e-35,0.999999726530442,0,False,Bear
2022-11-25,4026.1201171875,-0.0002830842622021,0.0077646769410513,1,0.3567037805450698,0.6432962190667282,3.88067906665189e-10,0.6432962190667282,1,False,Transition
2022-11-28,3963.93994140625,-0.0155646967940654,0.0089783361415292,1,0.31106996622620336,0.68892726731287,2.76646075303698e-06,0.68892726731287,1,False,Transition
2022-11-29,3957.6298828125,-0.0015931337016237,0.0085164813461822,1,0.33563462903962504,0.6643324814920513,3.288946823966533e-05,0.6643324814920513,1,False,Transition
2022-11-30,4080.110107421875,0.0304786435212953,0.0127301165739759,0,0.8621736644249024,0.13782633557499865,3.271539563197922e-14,0.8621736644249024,0,False,Bear
2022-12-01,4076.570068359375,-0.0008680098296061,0.0122592357449514,0,0.8750522580620445,0.12494774127575684,6.624054271260211e-10,0.8750522580620445,0,False,Bear
2022-12-02,4071.699951171875,-0.0011953746637622,0.0121699148786087,0,0.911119776296358,0.08888022366949128,3.437137032160399e-11,0.911119776296358,0,False,Bear
2022-12-05,3998.840087890625,-0.0180562496309715,0.0138516782423231,0,0.9965925754584257,0.0034074245416533125,3.432641343504983e-17,0.9965925754584257,0,False,Bear
2022-12-06,3941.260009765625,-0.0145038694229864,0.014638741363196,0,0.9999446149581125,5.5385041771323955e-05,1.0212821025515726e-18,0.9999446149581125,0,False,Bear
2022-12-07,3933.919921875,-0.0018641072533824,0.0138236578986756,0,0.9998254563084038,0.0001745436915406487,2.9520710836153226e-17,0.9998254563084038,0,False,Bear
2022-12-08,3963.510009765625,0.0074936344139331,0.0139306525262584,0,0.9998678430120794,0.00013215698797672837,3.8591220381687364e-17,0.9998678430120794,0,False,Bear
2022-12-09,3934.3798828125,-0.0073767194642115,0.0140365952092529,0,0.9998524474679684,0.00014755253181811877,5.730531426159578e-17,0.9998524474679684,0,False,Bear
2022-12-12,3990.56005859375,0.0141783072996499,0.0140659106424126,0,0.9992202649764991,0.000779735023353758,1.8788297525413727e-16,0.9992202649764991,0,False,Bear
2022-12-13,4019.64990234375,0.0072632232554568,0.0141859322992627,0,0.9835278558446454,0.016472144155412344,6.398536698343122e-15,0.9835278558446454,0,False,Bear
2022-12-14,3995.320068359375,-0.0060711166238363,0.0099953003745255,1,0.7037290205429679,0.2962709227842234,5.6672613908966514e-08,0.7037290205429679,0,True,Transition
2022-12-15,3895.75,-0.0252374779018254,0.0123539956586766,1,0.6915740950402222,0.3084259049587057,1.1143188215711172e-12,0.6915740950402222,0,True,Transition
2022-12-16,3852.360107421875,-0.011200239946012,0.0124579914228648,1,0.5524753271632976,0.4475246725689057,2.6760559114153486e-10,0.5524753271632976,0,True,Transition
2022-12-19,3817.659912109375,-0.0090483289411036,0.0117582397753371,1,0.3996311016032377,0.6003688926004731,5.796193542958743e-09,0.6003688926004731,1,False,Transition
2022-12-20,3821.6201171875,0.0010368006978893,0.0113283381600816,1,0.34541163186258617,0.6545882843945827,8.374282855732078e-08,0.6545882843945827,1,False,Transition
2022-12-21,3878.43994140625,0.0147585486690555,0.0126674205162436,1,0.3588666581763618,0.641133341615606,2.0822241261051572e-10,0.641133341615606,1,False,Transition
2022-12-22,3822.389892578125,-0.0145571424981465,0.0128610738506965,1,0.34991283658878464,0.6500871633565546,5.454127999196181e-11,0.6500871633565546,1,False,Transition
2022-12-23,3844.820068359375,0.0058509522719152,0.0131102042311482,1,0.29486757236462513,0.7051324273623951,2.7319674854803565e-10,0.7051324273623951,1,False,Transition
2022-12-27,3829.25,-0.0040578440346585,0.0117619925642804,1,0.17179170716338507,0.8282082722795541,2.0557287250008497e-08,0.8282082722795541,1,False,Transition
2022-12-28,3783.219970703125,-0.0120934704429487,0.0112614784853315,1,0.1383847050913853,0.8616152727085229,2.219992310682729e-08,0.8616152727085229,1,False,Transition
2022-12-29,3849.280029296875,0.0173106343149935,0.0134701077176597,1,0.13878348973335428,0.8612165102577207,8.90153356271779e-12,0.8612165102577207,1,False,Transition
2022-12-30,3839.5,-0.0025439756461107,0.0111556980952466,1,0.020833894860569288,0.9791659259896032,1.7914987674581903e-07,0.9791659259896032,1,False,Transition
2023-01-03,3824.139892578125,-0.0040085724812737,0.0106792472005766,1,0.002811734237923664,0.9971875679340743,6.978280920465565e-07,0.9971875679340743,1,False,Transition
2023-01-04,3852.969970703125,0.0075106945621392,0.0105297712528559,1,0.001093884406328466,0.9989051562308903,9.593628667421193e-07,0.9989051562308903,1,False,Transition
2023-01-05,3808.10009765625,-0.0117138691364573,0.0112607710820413,1,0.0030356980372086046,0.9969642719230963,3.003952770433576e-08,0.9969642719230963,1,False,Transition
2023-01-06,3895.080078125,0.0225838355890317,0.0126178122804754,1,0.009833620083318216,0.9901663798943742,2.2345992629155353e-11,0.9901663798943742,1,False,Transition
2023-01-09,3892.090087890625,-0.0007679273259917,0.0115023705530882,1,0.002525663352156497,0.9974742545440523,8.210365219169073e-08,0.9974742545440523,1,False,Transition
2023-01-10,3919.25,0.0069539979705943,0.0115506470297318,1,0.001148440598915991,0.9988515062350122,5.3166115780191825e-08,0.9988515062350122,1,False,Transition
2023-01-11,3969.610107421875,0.0127675711922936,0.0118061749677633,1,0.0010147443738346567,0.9989852470391972,8.58695099046263e-09,0.9989852470391972,1,False,Transition
2023-01-12,3983.169921875,0.0034100849120424,0.0104572690814566,1,0.00019514196716119813,0.9998031450153306,1.7130176509029488e-06,0.9998031450153306,1,False,Transition
2023-01-13,3999.090087890625,0.0039888921446564,0.009544731788965,1,8.768663421812276e-05,0.99989303336013,1.9280005841639342e-05,0.99989303336013,1,False,Transition
2023-01-17,3990.969970703125,-0.002032555430997,0.0095081554416653,1,0.00011125403857475635,0.9998683561372337,2.0389824141873284e-05,0.9998683561372337,1,False,Transition
2023-01-18,3928.860107421875,-0.0156849669777443,0.0111570498996127,1,0.0006559439175423779,0.9993440441211437,1.1961151427424084e-08,0.9993440441211437,1,False,Transition
2023-01-19,3898.85009765625,-0.007667671901812,0.0114584915355123,1,0.0007583210415870142,0.9992416362870625,4.267150185447097e-08,0.9992416362870625,1,False,Transition
2023-01-20,3972.610107421875,0.018741673552352,0.0116945001801544,1,0.0014547349898551543,0.9985452630499523,1.9602725122309786e-09,0.9985452630499523,1,False,Transition
2023-01-23,4019.81005859375,0.0118113159513288,0.0102189646064147,1,0.000318711319539944,0.9996802223888734,1.0662915820196988e-06,0.9996802223888734,1,False,Transition
2023-01-24,4016.949951171875,-0.0007117563642928,0.0102165856520786,1,0.00011530189628138646,0.9998813787971996,3.319306720828175e-06,0.9998813787971996,1,False,Transition
2023-01-25,4016.219970703125,-0.0001817415734652,0.0101710652951074,1,9.984846075885355e-05,0.9998963190288511,3.832510574946299e-06,0.9998963190288511,1,False,Transition
2023-01-26,4060.429931640625,0.0109477080291142,0.0099803204622635,1,0.00013444181627249156,0.9998631015892081,2.456594619446813e-06,0.9998631015892081,1,False,Transition
2023-01-27,4070.56005859375,0.0024917340217047,0.0099728057520425,1,0.00012100685318059918,0.9998724267238726,6.566422919765839e-06,0.9998724267238726,1,False,Transition
2023-01-30,4017.77001953125,-0.0130535693152928,0.0110278677559975,1,0.0005063050239453944,0.9994936540028353,4.097327202789703e-08,0.9994936540028353,1,False,Transition
2023-01-31,4076.60009765625,0.0145363044164188,0.0118265342784185,1,0.00096327419463624,0.9990367207120389,5.093326928370818e-09,0.9990367207120389,1,False,Transition
2023-02-01,4119.2099609375,0.0103980562968857,0.0102313664603792,1,0.0002483955512831593,0.999750224232086,1.3802167427261928e-06,0.999750224232086,1,False,Transition
2023-02-02,4179.759765625,0.0145923846268534,0.0096383921348206,1,0.00018858608610314035,0.9998089140360721,2.4998778080684457e-06,0.9998089140360721,1,False,Transition
2023-02-03,4136.47998046875,-0.0104085926372849,0.0100764367646062,1,0.00015231011423302927,0.9998464800357213,1.2098502143957705e-06,0.9998464800357213,1,False,Transition
2023-02-06,4111.080078125,-0.0061593931939398,0.0101391942507787,1,0.00013216421791150654,0.9998654479784888,2.387803451724594e-06,0.9998654479784888,1,False,Transition
2023-02-07,4164.0,0.0127903640373983,0.0105906554530941,1,0.00030008897361096155,0.9996996072755667,3.037508337555679e-07,0.9996996072755667,1,False,Transition
2023-02-08,4117.85986328125,-0.0111425730124121,0.011548849293316,1,0.0006425167662114683,0.9993574682806071,1.4953181565102795e-08,0.9993574682806071,1,False,Transition
2023-02-09,4081.5,-0.008869009831038,0.011637934303768,1,0.0006482368625910213,0.999351743576236,1.9561361970698207e-08,0.999351743576236,1,False,Transition
2023-02-10,4090.4599609375,0.0021928557092181,0.0116326836487691,1,0.0004667286938490322,0.9995332134012048,5.790514027808519e-08,0.9995332134012048,1,False,Transition
2023-02-13,4137.2900390625,0.011383569951155,0.0110227614742977,1,0.0003273871363154771,0.9996724909486916,1.2191486167691423e-07,0.9996724909486916,1,False,Transition
2023-02-14,4136.1298828125,-0.0002804538554936,0.0102588709639883,1,0.00011717773515537805,0.9998798063740543,3.0158906799799595e-06,0.9998798063740543,1,False,Transition
2023-02-15,4147.60009765625,0.0027693375330759,0.0097925643355949,1,8.914932677049223e-05,0.9999003087168875,1.0541956124210568e-05,0.9999003087168875,1,False,Transition
2023-02-16,4090.409912109375,-0.0138846892048807,0.0094335116223182,1,0.00015634248425061285,0.9998410679831666,2.5895324653887478e-06,0.9998410679831666,1,False,Transition
2023-02-17,4079.090087890625,-0.0027712421722831,0.0089903331455632,1,0.00011047143064286591,0.9998191684787381,7.036009083918205e-05,0.9998191684787381,1,False,Transition
2023-02-21,3997.340087890625,-0.0202447839734709,0.0107504526140622,1,0.0006166924817241015,0.9993833010337949,6.484443741435251e-09,0.9993833010337949,1,False,Transition
2023-02-22,3991.050048828125,-0.0015747954856433,0.0092963152331396,1,0.00010411166803260998,0.9998596532051816,3.623512697402627e-05,0.9998596532051816,1,False,Transition
2023-02-23,4012.320068359375,0.0053152782632377,0.0093952513924832,1,8.313113171485978e-05,0.9998907941611093,2.6074706980763918e-05,0.9998907941611093,1,False,Transition
2023-02-24,3970.0400390625,-0.0105934646197756,0.0095379172874789,1,0.00011518981430769801,0.999879873492609,4.93669310075101e-06,0.999879873492609,1,False,Transition
2023-02-27,3982.239990234375,0.0030682925395524,0.0095923803471973,1,7.991168475522605e-05,0.99989606995366,2.4018361555831585e-05,0.99989606995366,1,False,Transition
2023-02-28,3970.14990234375,-0.0030406198309478,0.0082302072791838,1,8.363339427307716e-05,0.9993551284882275,0.0005612381173224235,0.9993551284882275,1,False,Transition
2023-03-01,3951.389892578125,-0.0047364642034928,0.0081188807210072,1,9.209576222815029e-05,0.9992884341452367,0.0006194700924932158,0.9992884341452367,1,False,Transition
2023-03-02,3981.35009765625,0.0075535937311972,0.0087182197655834,1,9.656895362804002e-05,0.9997559058582326,0.00014752518801631887,0.9997559058582326,1,False,Transition
2023-03-03,4045.639892578125,0.0160187491764833,0.0100173388293917,1,0.00021698402425595524,0.9997823537747952,6.62200806485901e-07,0.9997823537747952,1,False,Transition
2023-03-06,4048.419921875,0.0006869307788477,0.0100129451997327,1,0.00010636669281622357,0.9998876536641295,5.979642836920479e-06,0.9998876536641295,1,False,Transition
2023-03-07,3986.3701171875,-0.0154455904792634,0.0090430303447845,1,0.000214664418594709,0.9997812326366229,4.102944737996641e-06,0.9997812326366229,1,False,Transition
2023-03-08,3992.010009765625,0.0014137941356029,0.0090446781732692,1,0.00037184876204222596,0.9995554311087989,7.272012919164708e-05,0.9995554311087989,1,False,Transition
2023-03-09,3918.320068359375,-0.0186318579454809,0.0105354169793716,1,0.004892119716753653,0.9951078572182412,2.3064841025585087e-08,0.9951078572182412,1,False,Transition
2023-03-10,3861.590087890625,-0.0145839694360674,0.0109489373799786,1,0.016802520340255103,0.9831974499368862,2.9723050802528232e-08,0.9831974499368862,1,False,Transition
2023-03-13,3855.760009765625,-0.0015109018407386,0.0107719721289967,1,0.059269332210509916,0.9407302954175509,3.7237195145611065e-07,0.9407302954175509,1,False,Transition
2023-03-14,3919.2900390625,0.0163423882353637,0.0124262228636502,0,0.4492033865597706,0.5507966132976212,1.4247116872036425e-10,0.5507966132976212,1,True,Bear
2023-03-15,3891.929931640625,-0.0070053639293536,0.0125165430013656,0,0.6858827339359482,0.31411726597694517,8.7049339135728e-11,0.6858827339359482,0,False,Bear
2023-03-16,3960.280029296875,0.0174095762490313,0.0136470790366777,0,0.9515244157373136,0.04847558426238414,1.6499239274055208e-13,0.9515244157373136,0,False,Bear
2023-03-17,3916.639892578125,-0.0110806212739529,0.0126498483555438,0,0.9682782377765268,0.03172176221528067,8.390344374169917e-12,0.9682782377765268,0,False,Bear
2023-03-20,3951.570068359375,0.0088788696359412,0.0131863254119473,0,0.9803314502881082,0.019668549709120315,2.989732078091722e-12,0.9803314502881082,0,False,Bear
2023-03-21,4002.8701171875,0.0128986475185577,0.01312184566694,0,0.9825492646112671,0.017450735387094293,1.5906625065968478e-12,0.9825492646112671,0,False,Bear
2023-03-22,3936.969970703125,-0.0166002486398415,0.0141642978116076,0,0.9752674799836356,0.024732520016190127,7.560650458092338e-15,0.9752674799836356,0,False,Bear
2023-03-23,3948.719970703125,0.0029800838691826,0.0128265478056041,0,0.6042133368136482,0.39578666315386635,3.232307149923415e-11,0.6042133368136482,0,False,Bear
2023-03-24,3970.989990234375,0.005623963084302,0.0116787958800449,1,0.15630024602044862,0.8436997375014058,1.6477941062743103e-08,0.8436997375014058,1,False,Transition
2023-03-27,3977.530029296875,0.0016455995637674,0.0115918603128783,1,0.03233256374823769,0.9676673804853851,5.5766420569090355e-08,0.9676673804853851,1,False,Transition
2023-03-28,3971.27001953125,-0.0015750832883885,0.0106670098635306,1,0.0038255071849862027,0.9961736149806037,8.778345606723598e-07,0.9961736149806037,1,False,Transition
2023-03-29,4027.81005859375,0.0141368707750473,0.0109261709332738,1,0.0010849382454415745,0.9989149788144479,8.294028569163394e-08,0.9989149788144479,1,False,Transition
2023-03-30,4050.830078125,0.0056989991994829,0.0098346230851204,1,0.0001702301644601408,0.9998218950814354,7.874754291693241e-06,0.9998218950814354,1,False,Transition
2023-03-31,4109.31005859375,0.0143333277820367,0.0092715125202822,1,0.00015355303167561334,0.9998361625703586,1.0284397817736318e-05,0.9998361625703586,1,False,Transition
2023-04-03,4124.509765625,0.0036920225658025,0.009162547033796,1,7.188326759749462e-05,0.999180815692259,0.0007473010402232255,0.999180815692259,1,False,Transition
2023-04-04,4100.60009765625,-0.0058138397451621,0.0091182791917488,1,7.815610201644968e-06,0.9786197187986446,0.021372465591136834,0.9786197187986446,1,False,Transition
2023-04-05,4090.3798828125,-0.0024954816571209,0.0065912879325779,2,2.2295181606630805e-06,0.10155132243266482,0.8984464480490186,0.8984464480490186,2,False,Bull
2023-04-06,4105.02001953125,0.0035727731328023,0.006585532009942,2,2.5234297352973777e-07,0.009773320894769793,0.9902264267622283,0.9902264267622283,2,False,Bull
2023-04-10,4109.10986328125,0.0009958070170092,0.0066120764337889,2,3.383390653890081e-08,0.001122677003103898,0.9988772891630087,0.9988772891630087,2,False,Bull
2023-04-11,4108.93994140625,-4.135333298194155e-05,0.0066834858153078,2,1.0383433639524776e-08,0.00038598016317982096,0.9996140094535696,0.9996140094535696,2,False,Bull
2023-04-12,4091.949951171875,-0.0041434563234616,0.006934174900498,2,8.080441326869462e-09,0.0007270836754439165,0.9992729082438889,0.9992729082438889,2,False,Bull
2023-04-13,4146.22021484375,0.013175510497831,0.0067671704808769,2,1.397456174610021e-08,0.0013019260109842167,0.9986980600146595,0.9986980600146595,2,False,Bull
2023-04-14,4137.64013671875,-0.0020715175845786,0.006855289426288,2,3.643322234589004e-10,0.0004559844789863687,0.9995440151566851,0.9995440151566851,2,False,Bull
2023-04-17,4151.31982421875,0.0033007035826155,0.0054059649333843,2,4.390062932630992e-11,2.1427647939904485e-05,0.9999785723079383,0.9999785723079383,2,False,Bull
2023-04-18,4154.8701171875,0.0008548548034656,0.005323807825273,2,1.0045350561348234e-12,1.3919629246846454e-05,0.9999860803695988,0.9999860803695988,2,False,Bull
2023-04-19,4154.52001953125,-8.426554794027652e-05,0.0048259229861708,2,2.0604324477453182e-12,6.305149275776343e-06,0.9999936948487226,0.9999936948487226,2,False,Bull
2023-04-20,4129.7900390625,-0.0059703351883104,0.0052376267794431,2,1.2205955368440986e-11,2.1169729896440715e-05,0.999978830257879,0.999978830257879,2,False,Bull
2023-04-21,4133.52001953125,0.0009027812573005,0.0051570059193363,2,1.6847498612310141e-09,4.699349374094374e-05,0.9999530048214178,0.9999530048214178,2,False,Bull
2023-04-24,4137.0400390625,0.0008512167782726,0.0051562617204091,2,6.390652028552846e-08,0.005338050929661772,0.994661885163743,0.994661885163743,2,False,Bull
2023-04-25,4071.6298828125,-0.0159371838185773,0.0073752122569287,1,1.7041288588453988e-06,0.785736562336652,0.21426173353432595,0.785736562336652,1,False,Transition
2023-04-26,4055.989990234375,-0.0038485835033448,0.0073614341897823,1,0.00011092904150330442,0.8613585123610225,0.13853055859743782,0.8613585123610225,1,False,Transition
2023-04-27,4135.35009765625,0.0193771934026969,0.0087983591041636,1,0.00023641842291509721,0.9993646271125395,0.0003989544645740042,0.9993646271125395,1,False,Transition
2023-04-28,4169.47998046875,0.0082193313132439,0.0091577480648351,1,9.90177517019975e-05,0.9998578008171085,4.3181431263164176e-05,0.9998578008171085,1,False,Transition
2023-05-01,4167.8701171875,-0.0003861810485101,0.0091185211176201,1,7.534345765778221e-05,0.9998640291372325,6.0627405313717384e-05,0.9998640291372325,1,False,Transition
2023-05-02,4119.580078125,-0.0116539066805732,0.0098754282177733,1,0.0001430503140195122,0.9998553896954755,1.5599906000540092e-06,0.9998553896954755,1,False,Transition
2023-05-03,4090.75,-0.0070229080548926,0.0100574967730094,1,0.00012993290684213933,0.9998674808955793,2.5861977296510795e-06,0.9998674808955793,1,False,Transition
2023-05-04,4061.219970703125,-0.0072449134550627,0.0101276157320563,1,0.0002750547992672064,0.9997228920909819,2.0531095901109153e-06,0.9997228920909819,1,False,Transition
2023-05-05,4136.25,0.0183061663818797,0.0119508616461,1,0.001843269309601053,0.9981567296453551,1.04515762795754e-09,0.9981567296453551,1,False,Transition
2023-05-08,4138.1201171875,0.0004520264848828,0.0119486139642261,1,0.0009331389256663619,0.9990668390469549,2.2027489788207018e-08,0.9990668390469549,1,False,Transition
2023-05-09,4119.169921875,-0.00458993894906,0.0107420755111852,1,0.00024603192159532486,0.999753411120755,5.569575383272941e-07,0.999753411120755,1,False,Transition
2023-05-10,4137.64013671875,0.0044739422419137,0.0106326841268802,1,0.00014499456606078593,0.9998537853163988,1.2201175081232803e-06,0.9998537853163988,1,False,Transition
2023-05-11,4130.6201171875,-0.0016980648897053,0.0087208963308216,1,7.617078454502465e-05,0.999543148298386,0.0003806809170004056,0.999543148298386,1,False,Transition
2023-05-12,4124.080078125,-0.0015845615894392,0.0082164069290667,1,8.002788538372249e-05,0.9972569715876324,0.0026630005271284693,0.9972569715876324,1,False,Transition
2023-05-15,4136.27978515625,0.0029537976803162,0.008315699802232,1,7.929063073269888e-05,0.9916730268900824,0.008247682479098137,0.9916730268900824,1,False,Transition
2023-05-16,4109.89990234375,-0.0063981076819175,0.0076935418121097,1,0.00011187443338002053,0.9708084968162461,0.029079628750288137,0.9708084968162461,1,False,Transition
2023-05-17,4158.77001953125,0.0118206886220715,0.0081409850903569,1,8.745329811948215e-05,0.9382116609228293,0.0617008857791226,0.9382116609228293,1,False,Transition
2023-05-18,4198.0498046875,0.0094007230637274,0.0078156331330798,1,1.1608222326676242e-05,0.6753548830198043,0.3246335087580899,0.6753548830198043,1,False,Transition
2023-05-19,4191.97998046875,-0.0014469138806756,0.0058559255028014,2,3.902702603185249e-05,0.0612052327960303,0.9387557401781401,0.9387557401781401,2,False,Bull
2023-05-22,4192.6298828125,0.0001550226798023,0.0058616706938478,2,4.1797222562475136e-05,0.05059079810095912,0.9493674046766469,0.9493674046766469,2,False,Bull
2023-05-23,4145.580078125,-0.0112854687682837,0.0069006298489635,2,2.3479779246715948e-05,0.24084744018554075,0.7591290800351775,0.7591290800351775,2,False,Bull
2023-05-24,4115.240234375,-0.0073455126783059,0.0071774836183413,2,4.3936352458453144e-05,0.45715014389067815,0.5428059197568733,0.5428059197568733,2,False,Bull
2023-05-25,4151.27978515625,0.008719456079012,0.0077262147142151,1,6.107075431447686e-05,0.794778501250239,0.2051604279955084,0.794778501250239,1,False,Transition
2023-05-26,4205.4501953125,0.0129646809316401,0.008609658794993,1,0.00010198529241347384,0.9924372647170238,0.0074607499905519365,0.9924372647170238,1,False,Transition
2023-05-30,4205.52001953125,1.6603130665870935e-05,0.0086218473226382,1,7.361340826826932e-05,0.9987712658749134,0.001155120716677942,0.9987712658749134,1,False,Transition
2023-05-31,4179.830078125,-0.0061273581862142,0.0085941111326015,1,8.633064188861969e-05,0.9996805951307057,0.00023307422753265935,0.9996805951307057,1,False,Transition
2023-06-01,4221.02001953125,0.0098062150858542,0.0083503405622638,1,0.00011219224567392886,0.9996808237555843,0.00020698399892802818,0.9996808237555843,1,False,Transition
2023-06-02,4282.3701171875,0.0144298123901069,0.0090057174371169,1,0.00014662224213641967,0.999833342449184,2.003530864865262e-05,0.999833342449184,1,False,Transition
2023-06-05,4273.7900390625,-0.0020055914906578,0.0090310955221087,1,7.316148971361967e-05,0.999376407567159,0.000550430943256764,0.999376407567159,1,False,Transition
2023-06-06,4283.85009765625,0.0023511302338512,0.0090097382991004,1,5.317870972758613e-05,0.9886553042023778,0.011291517087730133,0.9886553042023778,1,False,Transition
2023-06-07,4267.52001953125,-0.0038192939264209,0.0080283452168496,1,2.3376167974052356e-05,0.7803837183787843,0.21959290545340104,0.7803837183787843,1,False,Transition
2023-06-08,4293.93017578125,0.0061695716075238,0.007207784433221,2,9.127775589082418e-06,0.26838158761327874,0.7316092846112443,0.7316092846112443,2,False,Bull
2023-06-09,4298.85986328125,0.0011474010230507,0.007082794512898,2,1.6469416925027834e-06,0.06127954850734309,0.9387188045509953,0.9387188045509953,2,False,Bull
2023-06-12,4338.93017578125,0.0092779749817548,0.0066155553790634,2,3.910287053621063e-07,0.010980922402813965,0.9890186865684952,0.9890186865684952,2,False,Bull
2023-06-13,4369.009765625,0.0069085707259084,0.006614784654233,2,8.650167865278343e-09,0.0015099252379738744,0.998490066111654,0.998490066111654,2,False,Bull
2023-06-14,4372.58984375,0.0008190899801263,0.0057649721133844,2,2.1477944913957743e-09,6.430268905529548e-05,0.9999356951633666,0.9999356951633666,2,False,Bull
2023-06-15,4425.83984375,0.0121045804935899,0.006038953105301,2,8.671768151888683e-11,0.0001745393566678024,0.9998254605568214,0.9998254605568214,2,False,Bull
2023-06-16,4409.58984375,-0.0036783764677519,0.0055009682223259,2,8.373378853835972e-11,2.7476645167394327e-05,0.9999725232710781,0.9999725232710781,2,False,Bull
2023-06-20,4388.7099609375,-0.0047463538352356,0.0058323556989026,2,4.6831637118783804e-11,5.3769701841431936e-05,0.9999462302512285,0.9999462302512285,2,False,Bull
2023-06-21,4365.68994140625,-0.0052590863669248,0.0063497361234253,2,6.876552320904817e-11,0.00014572525849062648,0.9998542746727052,0.9998542746727052,2,False,Bull
2023-06-22,4381.89013671875,0.0037039303873349,0.0060357318094004,2,8.259385488016744e-10,7.810452950944544e-05,0.999921894644495,0.999921894644495,2,False,Bull
2023-06-23,4348.330078125,-0.007688288056503,0.0066917300506465,2,2.199855298652362e-09,0.0006376383291158715,0.9993623594712291,0.9993623594712291,2,False,Bull
2023-06-26,4328.81982421875,-0.0044969343631322,0.0069357776506349,2,2.268492918855216e-08,0.0011233030483539224,0.9988766742669284,0.9988766742669284,2,False,Bull
2023-06-27,4378.41015625,0.0113907335241822,0.0072512991413147,2,2.7900501190171744e-08,0.0026085954934577955,0.9973913766060611,0.9973913766060611,2,False,Bull
2023-06-28,4376.85986328125,-0.0003541393883903,0.0069403118211758,2,3.3921246954006315e-08,0.0010166627516797857,0.9989833033270993,0.9989833033270993,2,False,Bull
2023-06-29,4396.43994140625,0.00446356811449,0.0070720669783464,2,2.910445582387932e-08,0.0011779685099818917,0.9988220023855356,0.9988220023855356,2,False,Bull
2023-06-30,4450.3798828125,0.0121943502618862,0.0070884101234267,2,2.552662167426202e-08,0.0021944511443830485,0.9978055233291238,0.9978055233291238,2,False,Bull
2023-07-03,4455.58984375,0.001169993092672,0.0069308975347604,2,1.2641617162326852e-08,0.0007261031956603282,0.9992738841628653,0.9992738841628653,2,False,Bull
2023-07-05,4446.81982421875,-0.0019702580976126,0.0067260480285375,2,1.208619805078517e-08,0.0004864368850575396,0.9995135510288056,0.9995135510288056,2,False,Bull
2023-07-06,4411.58984375,-0.0079540611758943,0.0070642305452662,2,9.366940601990421e-09,0.0013547325063809255,0.9986452581266233,0.9986452581266233,2,False,Bull
2023-07-07,4398.9501953125,-0.0028692127957334,0.0070951658139369,2,3.6677901037071446e-09,0.0008217163031865841,0.9991782800290264,0.9991782800290264,2,False,Bull
2023-07-10,4409.52978515625,0.0024021386106269,0.006512461982327,2,1.1442917577617028e-09,0.00019323683587523757,0.9998067620199719,0.9998067620199719,2,False,Bull
2023-07-11,4439.259765625,0.0067195839982545,0.0063482806134524,2,1.6117593694254094e-10,0.00013583128798636183,0.9998641685506425,0.9998641685506425,2,False,Bull
2023-07-12,4472.16015625,0.0073839052353896,0.0058315458333052,2,1.6019016124846722e-10,5.64053277863778e-05,0.9999435945120762,0.9999435945120762,2,False,Bull
2023-07-13,4510.0400390625,0.0084344829896263,0.0060746698406137,2,6.506309722285395e-11,9.533756712447825e-05,0.9999046623676744,0.9999046623676744,2,False,Bull
2023-07-14,4505.419921875,-0.0010249321969073,0.0061746093441631,2,1.05205044507619e-11,6.9956643859747e-05,0.9999300433456427,0.9999300433456427,2,False,Bull
2023-07-17,4522.7900390625,0.0038479695744211,0.0051976978679191,2,1.20051755292228e-11,1.2596943572781379e-05,0.9999874030443041,0.9999874030443041,2,False,Bull
2023-07-18,4554.97998046875,0.0070920669414284,0.0054716441808611,2,1.7739614878828947e-12,2.549548142852646e-05,0.999974504516884,0.999974504516884,2,False,Bull
2023-07-19,4565.72021484375,0.0023551348272334,0.0052721359942982,2,2.5664909530917928e-12,1.3016353376498023e-05,0.9999869836439242,0.9999869836439242,2,False,Bull
2023-07-20,4534.8701171875,-0.006779827396258,0.0050168929087261,2,9.51912545745463e-13,1.6390250439402144e-05,0.999983609748768,0.999983609748768,2,False,Bull
2023-07-21,4536.33984375,0.0003240420146131,0.0047113787394426,2,5.72573956115536e-13,5.171613351716422e-06,0.9999948283859372,0.9999948283859372,2,False,Bull
2023-07-24,4554.64013671875,0.0040260384968746,0.0047135779148852,2,1.5189858103738187e-13,5.524336080942734e-06,0.9999944756639504,0.9999944756639504,2,False,Bull
2023-07-25,4567.4599609375,0.0028107195758391,0.0045520736389485,2,1.1286074906353781e-13,4.074637334079158e-06,0.9999959253624433,0.9999959253624433,2,False,Bull
2023-07-26,4566.75,-0.000155450978676,0.0043363935377385,2,2.1244867022066355e-13,2.940447383791656e-06,0.9999970595524731,0.9999970595524731,2,False,Bull
2023-07-27,4537.41015625,-0.0064453930551966,0.0044695038782574,2,1.2034777728236355e-12,6.6381710409553865e-06,0.9999933618275693,0.9999933618275693,2,False,Bull
2023-07-28,4582.22998046875,0.0098293758104333,0.0052750799436109,2,1.416256722678722e-12,2.7484932063825687e-05,0.9999725150662971,0.9999725150662971,2,False,Bull
2023-07-31,4588.9599609375,0.001467635436569,0.0052203283842633,2,6.526804030807642e-12,1.1835146057009107e-05,0.9999881648473141,0.9999881648473141,2,False,Bull
2023-08-01,4576.72998046875,-0.0026686453076827,0.0049544272435732,2,1.6995682768547052e-10,1.9836083615501927e-05,0.9999801637462216,0.9999801637462216,2,False,Bull
2023-08-02,4513.39013671875,-0.0139362006383354,0.0066547275414154,2,3.8555594102026485e-10,0.0019237238032459995,0.9980762758113266,0.9980762758113266,2,False,Bull
2023-08-03,4501.89013671875,-0.0025512254502917,0.0063863777616273,2,8.563209847420659e-09,0.00028706437100351487,0.9997129270659818,0.9997129270659818,2,False,Bull
2023-08-04,4478.02978515625,-0.0053141693739391,0.0065302548869895,2,7.400467012685922e-09,0.0004091681374706398,0.999590824462097,0.999590824462097,2,False,Bull
2023-08-07,4518.43994140625,0.0089836189648568,0.0071388162715455,2,1.378847895837655e-08,0.0014771395733475857,0.99852284663795,0.99852284663795,2,False,Bull
2023-08-08,4499.3798828125,-0.004227205100058,0.0070902750697596,2,4.3547801074293485e-08,0.0016046070981730986,0.9983953493542046,0.9983953493542046,2,False,Bull
2023-08-09,4467.7099609375,-0.0070636191020465,0.0072785634466243,2,2.633221155463822e-08,0.002273831719484991,0.9977261419485125,0.9977261419485125,2,False,Bull
2023-08-10,4468.830078125,0.0002506825210808,0.0071507325182044,2,2.4512734564280253e-09,0.0009576539479482631,0.9990423436009725,0.9990423436009725,2,False,Bull
2023-08-11,4464.0498046875,-0.0010702648992282,0.0059595454318879,2,2.8598222231459173e-09,8.531366829713097e-05,0.9999146834719347,0.9999146834719347,2,False,Bull
2023-08-14,4489.72021484375,0.0057340048794181,0.0064191192878123,2,2.854035173832732e-09,0.00032428754827722433,0.9996757095974939,0.9996757095974939,2,False,Bull
2023-08-15,4437.85986328125,-0.0116181393960967,0.0070833402569439,2,5.147377240763284e-09,0.002561979830601443,0.9974380150221622,0.9974380150221622,2,False,Bull
2023-08-16,4404.330078125,-0.0075840817926238,0.0062358640542019,2,1.703056973911686e-08,0.0004660726940104449,0.9995339102755433,0.9995339102755433,2,False,Bull
2023-08-17,4370.35986328125,-0.007742811377529,0.0064577556509317,2,2.7648031824518468e-09,0.00034615994213577496,0.9996538372931235,0.9996538372931235,2,False,Bull
2023-08-18,4369.7099609375,-0.0001487178839578,0.0064555762465407,2,4.244424996929104e-09,0.00019431999332057784,0.9998056757622353,0.9998056757622353,2,False,Bull
2023-08-21,4399.77001953125,0.0068556348598001,0.0060597972040005,2,3.8059740793463045e-08,0.000817378860014821,0.9991825830801383,0.9991825830801383,2,False,Bull
2023-08-22,4387.5498046875,-0.0027813310465454,0.0060354877519625,2,3.6629311548289555e-07,0.01572685835674414,0.984272775350157,0.984272775350157,2,False,Bull
2023-08-23,4436.009765625,0.0109843307107908,0.0071249206680941,2,3.5289576929998397e-06,0.4158997614131762,0.5840967096291428,0.5840967096291428,2,False,Bull
2023-08-24,4376.31005859375,-0.0135493539840076,0.0081765609165745,1,6.440526731961596e-05,0.9764340458059728,0.023501548926805296,0.9764340458059728,1,False,Transition
2023-08-25,4405.7099609375,0.006695501060296,0.0086400359417328,1,8.107151446934088e-05,0.9975804968649101,0.002338431620683767,0.9975804968649101,1,False,Transition
2023-08-28,4433.31005859375,0.0062450785941958,0.0086877480523311,1,8.548519761449324e-05,0.9995878923993219,0.00032662240311704126,0.9995878923993219,1,False,Transition
2023-08-29,4497.6298828125,0.0144040687120572,0.009127964271312,1,0.00014449489648942648,0.9998371490540594,1.8356049595675198e-05,0.9998371490540594,1,False,Transition
2023-08-30,4514.8701171875,0.0038258541811924,0.0085858322272101,1,8.022753222938859e-05,0.9990509236952647,0.0008688487724715138,0.9990509236952647,1,False,Transition
2023-08-31,4507.66015625,-0.0015982129743399,0.007970873436443,1,8.850363487275279e-05,0.9944413069192203,0.005470189445897615,0.9944413069192203,1,False,Transition
2023-09-01,4515.77001953125,0.0017975127655187,0.0079064184249976,1,8.997391754135171e-05,0.9882595831566974,0.01165044292553865,0.9882595831566974,1,False,Transition
2023-09-05,4496.830078125,-0.0042029978213822,0.0081223883773233,1,8.410441362951911e-05,0.981252443794636,0.018663451791912422,0.981252443794636,1,False,Transition
2023-09-06,4465.47998046875,-0.0069960144914311,0.0085087148483199,1,5.529776369630283e-05,0.955963177673766,0.04398152456273476,0.955963177673766,1,False,Transition
2023-09-07,4451.14013671875,-0.0032164331157336,0.0079659753811445,1,3.019074851646343e-06,0.6500022055542135,0.349994775370743,0.6500022055542135,1,False,Transition
2023-09-08,4457.490234375,0.0014256060622575,0.006297577433895,2,7.875134880170654e-07,0.034133917165670664,0.9658652953206387,0.9658652953206387,2,False,Bull
2023-09-11,4487.4599609375,0.0067009514981357,0.006298044772566,2,1.1716743715249972e-07,0.0026124607905307975,0.997387422042003,0.997387422042003,2,False,Bull
2023-09-12,4461.89990234375,-0.0057121690230044,0.00650031102671,2,2.444173042868917e-10,0.00048525869343281304,0.9995147410621255,0.9995147410621255,2,False,Bull
2023-09-13,4467.43994140625,0.0012408621175339,0.0043962735282396,2,1.727258078145526e-10,4.1849506160072e-06,0.9999958148765737,0.9999958148765737,2,False,Bull
2023-09-14,4505.10009765625,0.0083945855336668,0.0050973160942126,2,1.269466447599604e-10,2.5189098936869255e-05,0.9999748107741874,0.9999748107741874,2,False,Bull
2023-09-15,4450.31982421875,-0.012234145842493,0.0063687018639904,2,1.73420727672535e-09,0.000883359797172521,0.9991166384688174,0.9991166384688174,2,False,Bull
2023-09-18,4453.52978515625,0.0007210276941744,0.0063198095358735,2,9.077136960780772e-08,0.000948329316760633,0.9990515799118912,0.9990515799118912,2,False,Bull
2023-09-19,4443.9501953125,-0.0021533273615332,0.0062512292993463,2,3.6241283525245027e-07,0.011931353459712074,0.9880682841275285,0.9880682841275285,2,False,Bull
2023-09-20,4402.2001953125,-0.0094392042062914,0.0065445322676238,2,4.467195356375134e-06,0.21942618238904046,0.7805693504156123,0.7805693504156123,2,False,Bull
2023-09-21,4330.0,-0.0165369183184882,0.0081160757228684,1,4.922816623802859e-05,0.9751251180058627,0.02482565382791684,0.9751251180058627,1,False,Transition
2023-09-22,4320.06005859375,-0.0022982374027602,0.0079871341329536,1,8.71401265797571e-05,0.9852985921094174,0.014614267764018848,0.9852985921094174,1,False,Transition
2023-09-25,4337.43994140625,0.004014994203807,0.0076581242188327,1,0.00011417969340626563,0.9903666158417844,0.009519204464797773,0.9903666158417844,1,False,Transition
2023-09-26,4273.52978515625,-0.0148441654822644,0.0084662771266838,1,0.00017470146919855984,0.999594162039316,0.00023113649151946264,0.999594162039316,1,False,Transition
2023-09-27,4274.509765625,0.000229287772294,0.0083983092524317,1,8.251818498203187e-05,0.9987900693595068,0.0011274124553662648,0.9987900693595068,1,False,Transition
2023-09-28,4299.7001953125,0.0058758771430014,0.007999782144273,1,9.881881603499411e-05,0.9960644607273493,0.0038367204567660413,0.9960644607273493,1,False,Transition
2023-09-29,4288.0498046875,-0.0027132596482903,0.0075531408310216,1,0.00011638452281118873,0.9916351858200844,0.008248429657103843,0.9916351858200844,1,False,Transition
2023-10-02,4288.39013671875,7.936440615274876e-05,0.0075138974472341,1,0.0001218064144466031,0.9921029804104906,0.007775213175075767,0.9921029804104906,1,False,Transition
2023-10-03,4229.4501953125,-0.0138393958634477,0.0081175429850222,1,0.00017713753211718076,0.9994283407386958,0.0003945217292352423,0.9994283407386958,1,False,Transition
2023-10-04,4263.75,0.0080770476078289,0.0088933205459409,1,9.65241773486852e-05,0.9996972643709026,0.00020621145158592478,0.9996972643709026,1,False,Transition
2023-10-05,4258.18994140625,-0.0013048811469964,0.0075586675032581,1,0.00011361352703306701,0.9973636370415668,0.002522749431253275,0.9973636370415668,1,False,Transition
2023-10-06,4308.5,0.0117456420939614,0.0086546611839401,1,0.00011805981466001928,0.9994217353566869,0.00046020482865490796,0.9994217353566869,1,False,Transition
2023-10-09,4335.66015625,0.0062840681193883,0.0088078178505021,1,8.358830358704061e-05,0.9963661766124612,0.0035502350840441814,0.9963661766124612,1,False,Transition
2023-10-10,4358.240234375,0.0051944760999855,0.0071981660229176,1,0.0001489611887391233,0.9486069659901831,0.05124407282107419,0.9486069659901831,1,False,Transition
2023-10-11,4376.9501953125,0.0042838195000953,0.0072038593609113,1,0.00014887592985377089,0.9368943595007352,0.06295676456947795,0.9368943595007352,1,False,Transition
2023-10-12,4349.60986328125,-0.0062660249406558,0.0075613462312587,1,0.00012843280118550685,0.9491411234382661,0.0507304437607651,0.9491411234382661,1,False,Transition
2023-10-13,4327.77978515625,-0.0050314956602193,0.0077268165501932,1,0.00011234729474297943,0.9601759447059022,0.03971170799931003,0.9601759447059022,1,False,Transition
2023-10-16,4373.6298828125,0.0105386423025901,0.0082875937394388,1,0.00013296863803508342,0.9673557959247807,0.032511235437169876,0.9673557959247807,1,False,Transition
2023-10-17,4373.2001953125,-9.824987944462292e-05,0.0062686733378211,1,0.0003468662132479341,0.9378019478967862,0.06185118589000561,0.9378019478967862,1,False,Transition
2023-10-18,4314.60009765625,-0.0134904082511511,0.0079447627465619,1,0.000206491742078202,0.995650406466812,0.004143101790968713,0.995650406466812,1,False,Transition
2023-10-19,4278.0,-0.0085190323280581,0.0085038925488536,1,0.00011327550208393221,0.9995178985816942,0.0003688259163349625,0.9995178985816942,1,False,Transition
2023-10-20,4224.16015625,-0.012665149196156,0.0084087464346289,1,0.00014477347251790496,0.9997562734308796,9.89530967879543e-05,0.9997562734308796,1,False,Transition
2023-10-23,4217.0400390625,-0.0016869920654354,0.0079011198713109,1,9.819326353502701e-05,0.9985974240199579,0.0013043827165922022,0.9985974240199579,1,False,Transition
2023-10-24,4247.68017578125,0.0072395235196296,0.0081527449127802,1,0.00010524612239952726,0.9991850883660264,0.0007096655117287203,0.9991850883660264,1,False,Transition
2023-10-25,4186.77001953125,-0.0144434346572381,0.0085450128612245,1,0.00017098722189838454,0.9998018471590201,2.716561910791208e-05,0.9998018471590201,1,False,Transition
2023-10-26,4137.22998046875,-0.0119030812055846,0.0088588641954717,1,0.00013039207876081933,0.9998496488940202,1.995902735994149e-05,0.9998496488940202,1,False,Transition
2023-10-27,4117.3701171875,-0.0048118385786217,0.0088590661850412,1,8.329577966758911e-05,0.9998367236036171,7.998061687058612e-05,0.9998367236036171,1,False,Transition
2023-10-30,4166.81982421875,0.0119384743002868,0.0091382544416338,1,0.00011720999532541583,0.9998643071392721,1.8482865179131805e-05,0.9998643071392721,1,False,Transition
2023-10-31,4193.7998046875,0.0064540848216871,0.0097319677261404,1,0.00010461705724325909,0.9998857491188158,9.633824110857171e-06,0.9998857491188158,1,False,Transition
2023-11-01,4237.85986328125,0.0104511949901926,0.0101263658188063,1,0.00024723928301325065,0.9997509346248759,1.8260921978435708e-06,0.9997509346248759,1,False,Transition
2023-11-02,4317.77978515625,0.0186829389340861,0.0116571761929686,1,0.0011828335899195718,0.9988171641641795,2.246026732176098e-09,0.9988171641641795,1,False,Transition
2023-11-03,4358.33984375,0.0093498835445515,0.0108566567549678,1,0.00036317269654929354,0.9996365376837409,2.8961958128144267e-07,0.9996365376837409,1,False,Transition
2023-11-06,4365.97998046875,0.0017514577241009,0.0107410828548992,1,0.0001667584571478668,0.9998324425572644,7.989856860319598e-07,0.9998324425572644,1,False,Transition
2023-11-07,4378.3798828125,0.0028360934017115,0.0106593691896531,1,0.00013434386341629602,0.9998645690746127,1.0870618125857668e-06,0.9998645690746127,1,False,Transition
2023-11-08,4382.77978515625,0.0010044110324205,0.0088034085889677,1,7.64956892813016e-05,0.9997628888096207,0.00016061550122458226,0.9997628888096207,1,False,Transition
2023-11-09,4347.35009765625,-0.0081166906990688,0.008066497668837,1,0.00012058979663487327,0.9995165632926117,0.00036284691064923327,0.9995165632926117,1,False,Transition
2023-11-10,4415.240234375,0.015495759270772,0.0078890406094788,1,0.0002178518737431086,0.99954078383028,0.00024136429613546642,0.99954078383028,1,False,Transition
2023-11-13,4411.5498046875,-0.0008361884413705,0.0080307839847223,1,0.00010783682473682383,0.9990392745468989,0.0008528886284818044,0.9990392745468989,1,False,Transition
2023-11-14,4495.7001953125,0.0188953704745777,0.0090574126608957,1,0.0002474512021429113,0.9997465680003746,5.980797509423335e-06,0.9997465680003746,1,False,Transition
2023-11-15,4502.8798828125,0.0015957382078468,0.0091099674442997,1,7.951520733241023e-05,0.9992773356047809,0.0006431491879830678,0.9992773356047809,1,False,Transition
2023-11-16,4508.240234375,0.0011897193967129,0.008034017686895,1,8.282892045946715e-05,0.9850635058539997,0.014853665225598063,0.9850635058539997,1,False,Transition
2023-11-17,4514.02001953125,0.0012812279371789,0.0078759652802636,1,8.658991102078098e-05,0.9602073874681408,0.039706022620819514,0.9602073874681408,1,False,Transition
2023-11-20,4547.3798828125,0.0073631037937946,0.0079364547342192,1,9.046023249178792e-05,0.9290672320377219,0.0708423077295926,0.9290672320377219,1,False,Transition
2023-11-21,4538.18994140625,-0.0020229759317569,0.0081658836496011,1,5.2196611541869586e-05,0.8576863908231834,0.14226141256528763,0.8576863908231834,1,False,Transition
2023-11-22,4556.6201171875,0.0040529050943138,0.0081155912102663,1,1.0970474593277396e-05,0.6502693320241631,0.3497196975012565,0.6502693320241631,1,False,Transition
2023-11-24,4559.33984375,0.0005966956096443,0.0070856807686374,2,9.835560616872662e-07,0.1337063559513279,0.8662926604925772,0.8662926604925772,2,False,Bull
2023-11-27,4550.43017578125,-0.0019560693168987,0.006247612076974,2,8.816366469114054e-08,0.006932036477697768,0.9930678753585466,0.9930678753585466,2,False,Bull
2023-11-28,4554.89013671875,0.0009796385280509,0.0061488189590325,2,3.230441298079555e-11,0.0003179915712671705,0.9996820083964475,0.9996820083964475,2,False,Bull
2023-11-29,4550.580078125,-0.0009466966151023,0.0028216157866298,2,6.628411555327131e-12,4.947367702352973e-07,0.9999995052563777,0.9999995052563777,2,False,Bull
2023-11-30,4567.7998046875,0.0037769312649942,0.0029364321079187,2,4.672169250521628e-13,4.754360286548785e-07,0.9999995245635767,0.9999995245635767,2,False,Bull
2023-12-01,4594.6298828125,0.0058565589538464,0.0032480581726093,2,7.920732869063858e-14,8.114632064319631e-07,0.9999991885368781,0.9999991885368781,2,False,Bull
2023-12-04,4569.77978515625,-0.0054231880638262,0.0039954859749235,2,1.0797741211574301e-14,2.7995280400950885e-06,0.9999972004719062,0.9999972004719062,2,False,Bull
2023-12-05,4567.18017578125,-0.000569031593935,0.0033824417171405,2,5.990223915259585e-14,7.985256101389114e-07,0.9999992014744299,0.9999992014744299,2,False,Bull
2023-12-06,4549.33984375,-0.0039138519449437,0.0035820471402926,2,5.478016278837657e-14,1.3235628782559515e-06,0.9999986764368832,0.9999986764368832,2,False,Bull
2023-12-07,4585.58984375,0.0079366106848226,0.0041982661663862,2,6.258330049713082e-14,3.737949926969937e-06,0.999996262050155,0.999996262050155,2,False,Bull
2023-12-08,4604.3701171875,0.0040871341465038,0.0043376267715542,2,8.887772396352211e-14,3.127403310894091e-06,0.9999968725963999,0.9999968725963999,2,False,Bull
2023-12-11,4622.43994140625,0.0039168135477805,0.0042928547749642,2,1.2548375158751467e-13,2.899575804282622e-06,0.9999971004241361,0.9999971004241361,2,False,Bull
2023-12-12,4643.7001953125,0.0045888127956921,0.0043883538537169,2,2.52502207082911e-12,3.709321139709724e-06,0.9999962906763942,0.9999962906763942,2,False,Bull
2023-12-13,4707.08984375,0.0135583451750207,0.0055696894974516,2,4.530877680996938e-12,0.00010335826923384435,0.9998966417264538,0.9998966417264538,2,False,Bull
2023-12-14,4719.5498046875,0.0026435651851546,0.0055722799095553,2,1.4891274889942685e-11,2.3068144051993495e-05,0.999976931841094,0.999976931841094,2,False,Bull
2023-12-15,4719.18994140625,-7.625240044895065e-05,0.005581899228869,2,1.98581315604234e-12,2.2080712441764833e-05,0.9999779192853946,0.9999779192853946,2,False,Bull
2023-12-18,4740.56005859375,0.0045181222634003,0.0048114902792943,2,9.008516457520312e-11,7.197687806730614e-06,0.9999928022220792,0.9999928022220792,2,False,Bull
2023-12-19,4768.3701171875,0.0058492674508201,0.004607081537432,2,2.2254243528124928e-09,0.00011324982162634103,0.9998867479527824,0.9998867479527824,2,False,Bull
2023-12-20,4698.35009765625,-0.0147931479653067,0.0072763548275797,2,2.2983039113403362e-08,0.030652019878387313,0.9693479571384919,0.9693479571384919,2,False,Bull
2023-12-21,4746.75,0.0102487693072728,0.0074767572760123,2,1.8333543776953949e-06,0.02676792376866411,0.9732302428771791,0.9732302428771791,2,False,Bull
2023-12-22,4754.6298828125,0.0016586821527599,0.007493333021897,2,8.473977098165565e-07,0.01621599237853842,0.983783160223583,0.983783160223583,2,False,Bull
2023-12-26,4774.75,0.0042227610469787,0.0074971572617427,2,3.7040910512618835e-07,0.009842948626574298,0.9901566809644576,0.9901566809644576,2,False,Bull
2023-12-27,4781.580078125,0.0014294356164228,0.0075006588031294,2,3.737129433318862e-08,0.004810899576281869,0.9951890630523565,0.9951890630523565,2,False,Bull
2023-12-28,4783.35009765625,0.0003701061103278,0.0065186110855394,2,1.869925786147419e-08,0.000563839690438673,0.9994361416102508,0.9994361416102508,2,False,Bull
2023-12-29,4769.830078125,-0.0028304770367348,0.0066504157635612,2,1.0287052768072832e-08,0.0004124602578493718,0.9995875294550897,0.9995875294550897,2,False,Bull
2024-01-02,4742.830078125,-0.0056766607997218,0.0069841429805175,2,1.646960300913615e-08,0.0012607444931861229,0.9987392390371902,0.9987392390371902,2,False,Bull
2024-01-03,4704.81005859375,-0.0080486183271979,0.0073040145266669,2,1.9391696540484764e-08,0.002478341916155212,0.997521638692309,0.997521638692309,2,False,Bull
2024-01-04,4688.68017578125,-0.003434271663318,0.0069525732741943,2,8.705265394413986e-10,0.0008333007132110312,0.9991666984164892,0.9991666984164892,2,False,Bull
2024-01-05,4697.240234375,0.0018240216394342,0.0052486242085096,2,1.8190040831752622e-09,2.2596227831943112e-05,0.9999774019531733,0.9999774019531733,2,False,Bull
2024-01-08,4763.5400390625,0.0140159454363537,0.0061291724821718,2,1.6190389375642384e-10,0.00033146996384645077,0.9996685298741488,0.9996685298741488,2,False,Bull
2024-01-09,4756.5,-0.0014789938523183,0.0061352195679088,2,2.814063167048908e-10,7.991809229789139e-05,0.9999200816263947,0.9999200816263947,2,False,Bull
2024-01-10,4783.4501953125,0.0056499806504959,0.0062587085722391,2,7.817515999432272e-11,9.795149093205235e-05,0.9999020484310513,0.9999020484310513,2,False,Bull
2024-01-11,4780.240234375,-0.0006712808369613,0.0062474331179544,2,7.091090267019985e-11,8.238529382060571e-05,0.9999176146353321,0.9999176146353321,2,False,Bull
2024-01-12,4783.830078125,0.0007506937530337,0.0062512860435919,2,8.436485099143242e-11,8.102246750369736e-05,0.9999189774481707,0.9999189774481707,2,False,Bull
2024-01-16,4765.97998046875,-0.0037383190523563,0.0063034948379076,2,1.4888787223402325e-10,0.00011793318725960462,0.9998820666639899,0.9998820666639899,2,False,Bull
2024-01-17,4739.2099609375,-0.0056327312711079,0.0062991755187706,2,3.6085833908706757e-10,0.00015314332513566235,0.9998468563141917,0.9998468563141917,2,False,Bull
2024-01-18,4780.93994140625,0.0087667207262427,0.0061777740692186,2,2.0749884982555493e-09,0.00017936080910385885,0.9998206371158938,0.9998206371158938,2,False,Bull
2024-01-19,4839.81005859375,0.0122383082325487,0.0067213466490048,2,1.8803580710233653e-09,0.0007594704189068034,0.9992405277005604,0.9992405277005604,2,False,Bull
2024-01-22,4850.43017578125,0.0021919211872312,0.0067141489165274,2,2.0463654460731404e-10,0.0002590664059524625,0.9997409333896166,0.9997409333896166,2,False,Bull
2024-01-23,4864.60009765625,0.0029171153407645,0.0055447659845999,2,3.002374871369077e-11,2.419643345536017e-05,0.999975803536354,0.999975803536354,2,False,Bull
2024-01-24,4868.5498046875,0.0008115989762167,0.0054265702677266,2,3.0796631434109927e-12,1.6744268354046776e-05,0.9999832557283636,0.9999832557283636,2,False,Bull
2024-01-25,4894.16015625,0.0052465781349795,0.0054005717465599,2,3.0381558190263424e-12,1.8784985813627468e-05,0.9999812150113011,0.9999812150113011,2,False,Bull
2024-01-26,4890.97021484375,-0.0006519977554262,0.0053994010050484,2,6.13968216254893e-11,1.856800814710281e-05,0.9999814319303764,0.9999814319303764,2,False,Bull
2024-01-29,4927.93017578125,0.0075283655052462,0.0056061400701707,2,3.563369975685385e-09,0.00021177620521754483,0.9997882202314018,0.9997882202314018,2,False,Bull
2024-01-30,4924.97021484375,-0.00060083039698,0.0052666481130549,2,2.502566055853096e-07,0.00818807739148413,0.9918116723521168,0.9918116723521168,2,False,Bull
2024-01-31,4845.64990234375,-0.0162368517407323,0.0077452217727988,1,2.194964623060642e-06,0.9563159662409236,0.043681838794488566,0.9563159662409236,1,False,Transition
2024-02-01,4906.18994140625,0.0124162861140497,0.0081626584153097,1,0.00012902545912438814,0.9941400974077637,0.00573087713327266,0.9941400974077637,1,False,Transition
2024-02-02,4958.60986328125,0.0106277707226318,0.0079645375793017,1,0.00013363989354835828,0.9978043818142148,0.0020619782922596326,0.9978043818142148,1,False,Transition
2024-02-05,4942.81005859375,-0.0031914247092839,0.0081615394916796,1,8.882411133153986e-05,0.9985408380666159,0.0013703378218354065,0.9985408380666159,1,False,Transition
2024-02-06,4954.22998046875,0.0023077459317484,0.0081552633662441,1,8.4117892299668e-05,0.9987670823893866,0.0011487997184938968,0.9987670823893866,1,False,Transition
2024-02-07,4995.06005859375,0.0082076825940085,0.0083852093635921,1,9.51362862897796e-05,0.9994403652543632,0.00046449845922027426,0.9994403652543632,1,False,Transition
2024-02-08,4997.91015625,0.0005704205400913,0.008349381711427,1,7.79707790427519e-05,0.9993213181993253,0.0006007110216467632,0.9993213181993253,1,False,Transition
2024-02-09,5026.60986328125,0.0057259171287942,0.0083595899942945,1,8.512529920845681e-05,0.9993865581707154,0.0005283165302705352,0.9993865581707154,1,False,Transition
2024-02-12,5021.83984375,-0.000949404142652,0.0082486668507525,1,8.488176271271848e-05,0.9993175493216171,0.0005975689154891356,0.9993175493216171,1,False,Transition
2024-02-13,4953.169921875,-0.013768609419845,0.0096260847341725,1,0.0001590811658299326,0.9998092111421745,3.1707692105685364e-05,0.9998092111421745,1,False,Transition
2024-02-14,5000.6201171875,0.0095341683042171,0.0079258783684075,1,0.0001249838446984803,0.9788910615095007,0.020983954645876348,0.9788910615095007,1,False,Transition
2024-02-15,5029.72998046875,0.0058043726740404,0.0073193815078472,1,0.00014102880288595026,0.9167570665979657,0.08310190459912216,0.9167570665979657,1,False,Transition
2024-02-16,5005.56982421875,-0.0048150435759612,0.0070344829265071,1,0.00017107545416039302,0.8908000461055153,0.10902887844029614,0.8908000461055153,1,False,Transition
2024-02-20,4975.509765625,-0.0060234264658181,0.0072723891266487,1,0.0001539363678827375,0.8977853337448077,0.10206072988717588,0.8977853337448077,1,False,Transition
2024-02-21,4981.7998046875,0.0012634014951036,0.0072535620643983,1,0.0001538978584472832,0.9200987445541758,0.07974735758755773,0.9200987445541758,1,False,Transition
2024-02-22,5087.02978515625,0.0209028886664039,0.0095037126235414,1,0.00033158450780563516,0.9996468679818603,2.154751032709364e-05,0.9996468679818603,1,False,Transition
2024-02-23,5088.7998046875,0.0003478870265016,0.0095072351812975,1,8.903253873659221e-05,0.9998879750130342,2.2992448048702316e-05,0.9998879750130342,1,False,Transition
2024-02-26,5069.52978515625,-0.0037939392446677,0.0095472301262326,1,7.97151379622527e-05,0.9999036462484454,1.663861354804126e-05,0.9999036462484454,1,False,Transition
2024-02-27,5078.18017578125,0.0017048955387206,0.0095285166718462,1,7.490271997024867e-05,0.9998475430182638,7.755426164268856e-05,0.9998475430182638,1,False,Transition
2024-02-28,5069.759765625,-0.0016595313211116,0.0080872390239137,1,8.533704759072127e-05,0.9959114964906071,0.0040031664620196195,0.9959114964906071,1,False,Transition
2024-02-29,5096.27001953125,0.0052154704557985,0.0077686124132832,1,0.00010604066666104399,0.9887903639918744,0.011103595341354161,0.9887903639918744,1,False,Transition
2024-03-01,5137.080078125,0.0079759364333877,0.0079189392346911,1,0.00011112228881302799,0.9824190435293673,0.017469834181942433,0.9824190435293673,1,False,Transition
2024-03-04,5130.9501953125,-0.0011939745749618,0.0076450548040395,1,0.000102511741216081,0.966165917338723,0.0337315709200809,0.966165917338723,1,False,Transition
2024-03-05,5078.64990234375,-0.0102454062759189,0.0082584365195962,1,8.912488448851446e-05,0.9558526617893359,0.04405821332616036,0.9558526617893359,1,False,Transition
2024-03-06,5104.759765625,0.0051279328530018,0.0083077193819704,1,5.706048651221413e-06,0.7835893130384534,0.21640498091278595,0.7835893130384534,1,False,Transition
2024-03-07,5157.35986328125,0.0102514022849842,0.0060545679546362,2,6.039316114709641e-06,0.06480988307883137,0.9351840776049996,0.9351840776049996,2,False,Bull
2024-03-08,5123.68994140625,-0.0065499229920504,0.0065564636518965,2,6.008289929482828e-07,0.010386914802629233,0.9896124843685004,0.9896124843685004,2,False,Bull
2024-03-11,5117.93994140625,-0.0011228682680286,0.0064064908423094,2,2.8606831895043466e-07,0.0016239529603998715,0.9983757609711696,0.9983757609711696,2,False,Bull
2024-03-12,5175.27001953125,0.0111395125866682,0.0071781752586843,2,8.596271855926554e-08,0.002908222106530244,0.9970916919307763,0.9970916919307763,2,False,Bull
2024-03-13,5165.31005859375,-0.0019263840021217,0.0071933329557731,2,6.481344463955392e-08,0.0019816049583030212,0.9980183302284509,0.9980183302284509,2,False,Bull
2024-03-14,5150.47998046875,-0.0028752210514948,0.0072297961914097,2,5.574307208204608e-08,0.001982598925446984,0.9980173453314161,0.9980173453314161,2,False,Bull
2024-03-15,5117.08984375,-0.0065040228597386,0.0071398094908488,2,6.439752061119617e-08,0.002302935480050972,0.9976970001225652,0.9976970001225652,2,False,Bull
2024-03-18,5149.419921875,0.0062981842384814,0.0074331280622268,2,1.5264600453335706e-08,0.0021241087210027805,0.9978758760142816,0.9978758760142816,2,False,Bull
2024-03-19,5178.509765625,0.0056332530443423,0.0065608559960427,2,1.4557931820524475e-08,0.0004579020223917902,0.99954208341949,0.99954208341949,2,False,Bull
2024-03-20,5224.6201171875,0.0088647655163605,0.0068616716641065,2,1.279327217306921e-09,0.0005600509803774512,0.9994399477404944,0.9994399477404944,2,False,Bull
2024-03-21,5241.52978515625,0.003231309094529,0.0062959442527687,2,1.7781087178242859e-10,0.00011158847966431169,0.9998884113425305,0.9998884113425305,2,False,Bull
2024-03-22,5234.18017578125,-0.0014031718343261,0.0057397732914148,2,3.9475086823327905e-11,3.3361306261493035e-05,0.9999666386542053,0.9999666386542053,2,False,Bull
2024-03-25,5218.18994140625,-0.0030596403820322,0.005892507286735,2,3.498103011381489e-12,4.617397321988877e-05,0.9999538260232251,0.9999538260232251,2,False,Bull
2024-03-26,5203.580078125,-0.002803721982806,0.0050653651701623,2,1.2424797351616745e-11,1.1150262811742346e-05,0.9999888497248784,0.9999888497248784,2,False,Bull
2024-03-27,5248.490234375,0.0085935955827061,0.0055629250675795,2,2.331772120206318e-12,3.673332256848287e-05,0.9999632666752624,0.9999632666752624,2,False,Bull
2024-03-28,5254.35009765625,0.001115862700761,0.0053452868210524,2,1.3383540977922006e-12,1.4548192976412097e-05,0.9999854518058391,0.9999854518058391,2,False,Bull
2024-04-01,5243.77001953125,-0.0020156145269574,0.0047019044063229,2,3.4308321806126457e-12,5.744527467103298e-06,0.9999942554692478,0.9999942554692478,2,False,Bull
2024-04-02,5205.81005859375,-0.0072653882036721,0.0053751670277604,2,2.3217698446761255e-12,3.23814048384927e-05,0.9999676185929838,0.9999676185929838,2,False,Bull
2024-04-03,5211.490234375,0.0010905275233383,0.0051350543765835,2,2.4024722423150435e-10,1.4722154830628593e-05,0.9999852776051377,0.9999852776051377,2,False,Bull
2024-04-04,5147.2099609375,-0.0124110356192623,0.0057204972762397,2,4.277597184166145e-09,0.0006854241406147702,0.9993145715816588,0.9993145715816588,2,False,Bull
2024-04-05,5204.33984375,0.0110380501356992,0.0068566768089514,2,1.1788384252680269e-07,0.0043416965329437125,0.9956581855832387,0.9956581855832387,2,False,Bull
2024-04-08,5202.39013671875,-0.0003747011900419,0.0068528707604473,2,6.858371209354056e-07,0.011357247779702625,0.988642066383236,0.988642066383236,2,False,Bull
2024-04-09,5209.91015625,0.0014444494736345,0.0068218662639292,2,2.2146743452062315e-06,0.05906105712790334,0.9409367281977995,0.9409367281977995,2,False,Bull
2024-04-10,5160.64013671875,-0.0095019818322121,0.0074136026020409,2,1.028953659521354e-05,0.39451880378846005,0.6054709066751701,0.6054709066751701,2,False,Bull
2024-04-11,5199.06005859375,0.0074172219833421,0.007255120042288,2,6.45769011389594e-05,0.5973570491458691,0.4025783739530609,0.5973570491458691,1,True,Bull
2024-04-12,5123.41015625,-0.0146575878022474,0.0083838393306438,1,0.00010873189537930512,0.9932954181732615,0.006595849931184823,0.9932954181732615,1,False,Transition
2024-04-15,5061.81982421875,-0.0120941957874602,0.0089055488988076,1,0.00012478549648955255,0.9997847113876492,9.050311576479414e-05,0.9997847113876492,1,False,Transition
2024-04-16,5051.41015625,-0.0020586245275033,0.0088147303445862,1,7.504251264508745e-05,0.9997852683524746,0.0001396891347698585,0.9997852683524746,1,False,Transition
2024-04-17,5022.2099609375,-0.0057973750760051,0.0087273210918717,1,8.236605399974725e-05,0.9996540308243512,0.0002636031214803266,0.9996540308243512,1,False,Transition
2024-04-18,5011.1201171875,-0.0022106017004848,0.0081746075190505,1,9.564246032846789e-05,0.9972973832382802,0.002606974301545252,0.9972973832382802,1,False,Transition
2024-04-19,4967.22998046875,-0.0087971296540558,0.0067604016487132,1,0.00027807865220568244,0.991903270082064,0.00781865126591398,0.991903270082064,1,False,Transition
2024-04-22,5010.60009765625,0.0086933511568378,0.0079099647452236,1,0.00013670860891199334,0.9970611626557982,0.002802128735196873,0.9970611626557982,1,False,Transition
2024-04-23,5070.5498046875,0.0118935665677231,0.009249978404754,1,0.0001194035512552375,0.999840238096011,4.035835290867185e-05,0.999840238096011,1,False,Transition
2024-04-24,5071.6298828125,0.0002129873779317,0.0089632560530594,1,7.282548131266539e-05,0.9998119690416445,0.00011520547709150665,0.9998119690416445,1,False,Transition
2024-04-25,5048.419921875,-0.0045869342701188,0.0083858601005674,1,8.517976539681286e-05,0.9994691745606736,0.00044564567387080404,0.9994691745606736,1,False,Transition
2024-04-26,5099.9599609375,0.0101573813323252,0.0082028296989265,1,0.00012083452088775356,0.9986433636716243,0.0012358018074476956,0.9986433636716243,1,False,Transition
2024-04-29,5116.169921875,0.0031734080766394,0.0071498015839294,1,0.00016331816802836533,0.9936405164132481,0.006196165418845501,0.9936405164132481,1,False,Transition
2024-04-30,5035.68994140625,-0.0158555511189284,0.0089298023383126,1,0.00019207844649724026,0.9997838007834128,2.4120770054229278e-05,0.9997838007834128,1,False,Transition
2024-05-01,5018.39013671875,-0.0034413534856305,0.0087991116720214,1,8.252649438308441e-05,0.9998085916104797,0.00010888189500367475,0.9998085916104797,1,False,Transition
2024-05-02,5064.2001953125,0.0090870247250833,0.0092102728640021,1,9.694900502900741e-05,0.9998756294874888,2.7421507394275566e-05,0.9998756294874888,1,False,Transition
2024-05-03,5127.7900390625,0.0124785576595094,0.0091389656443487,1,0.00012404919992738827,0.9998600518945131,1.5898905762068937e-05,0.9998600518945131,1,False,Transition
2024-05-06,5180.740234375,0.0102731736912478,0.0092577222755178,1,0.00010458563816604708,0.9998729912585833,2.2423103470718686e-05,0.9998729912585833,1,False,Transition
2024-05-07,5187.7001953125,0.0013425282288253,0.008762460430637,1,7.199791156726802e-05,0.9995943562058336,0.0003336458825596417,0.9995943562058336,1,False,Transition
2024-05-08,5187.669921875,-5.835635194628708e-06,0.0087684784837538,1,6.859611822691728e-05,0.9978152966017669,0.002116107280001508,0.9978152966017669,1,False,Transition
2024-05-09,5214.080078125,0.0050780326391084,0.0084567676862181,1,6.836794088567188e-05,0.9786275448456091,0.021304087213700473,0.9786275448456091,1,False,Transition
2024-05-10,5222.68017578125,0.0016480400801661,0.0081028381330023,1,4.8376708371367314e-05,0.8665954347202004,0.13335618857124007,0.8665954347202004,1,False,Transition
2024-05-13,5221.419921875,-0.0002413331738662,0.008137462816815,1,3.8892863013234443e-07,0.6182121858679703,0.38178742520359527,0.6182121858679703,1,False,Transition
2024-05-14,5246.68017578125,0.0048261485274547,0.0051731699401243,2,1.08767006347992e-07,0.004958036347634803,0.9950418548852499,0.9950418548852499,2,False,Bull
2024-05-15,5308.14990234375,0.0116478277873,0.0049221583536368,2,5.070742168852798e-09,9.29202369496633e-05,0.9999070746921439,0.9999070746921439,2,False,Bull
2024-05-16,5297.10009765625,-0.002083837474089,0.0052993892005126,2,1.5965089773413788e-11,1.5669595189173282e-05,0.9999843303889854,0.9999843303889854,2,False,Bull
2024-05-17,5303.27001953125,0.0011640956878942,0.0045623807198045,2,2.1170694819838073e-13,4.060005634446524e-06,0.9999959399943346,0.9999959399943346,2,False,Bull
2024-05-20,5308.1298828125,0.0009159703084904,0.003899499219404,2,6.032810468677964e-14,1.5369489949746424e-06,0.9999984630510868,0.9999984630510868,2,False,Bull
2024-05-21,5321.41015625,0.0024987497668931,0.0038807964276207,2,4.391431954048846e-14,1.5185206868916464e-06,0.9999984814792403,0.9999984814792403,2,False,Bull
2024-05-22,5307.009765625,-0.0027097912093516,0.0041622510036782,2,2.6941095876004555e-13,2.650942501549623e-06,0.999997349057015,0.999997349057015,2,False,Bull
2024-05-23,5267.83984375,-0.0074081622834718,0.005013536214981,2,8.927565659963288e-13,1.8263099953971767e-05,0.999981736899252,0.999981736899252,2,False,Bull
2024-05-24,5304.72021484375,0.0069766490766731,0.0053583396497085,2,2.851513834906451e-12,2.082455581325191e-05,0.9999791754411596,0.9999791754411596,2,False,Bull
2024-05-28,5306.0400390625,0.0002487709068859,0.0053422641450832,2,1.0468154529518373e-11,1.5199002115279202e-05,0.9999848009874771,0.9999848009874771,2,False,Bull
2024-05-29,5266.9501953125,-0.0073943172157431,0.0058935047636702,2,2.5699734674778245e-12,8.241398305434246e-05,0.9999175860145282,0.9999175860145282,2,False,Bull
2024-05-30,5235.47998046875,-0.0059929575357529,0.0046586707556999,2,3.1610261931852593e-11,8.695281920553221e-06,0.9999913046863789,0.9999913046863789,2,False,Bull
2024-05-31,5277.509765625,0.0079958242319282,0.0055030200997725,2,2.3828798102881856e-12,3.0359302823930227e-05,0.9999696406946107,0.9999696406946107,2,False,Bull
2024-06-03,5283.39990234375,0.0011154602235343,0.0055015344086855,2,6.0705037337905014e-12,1.9182067075127737e-05,0.9999808179266313,0.9999808179266313,2,False,Bull
2024-06-04,5291.33984375,0.0015016810037842,0.0055198972894763,2,7.411146234462873e-11,2.689123748844203e-05,0.999973108688263,0.999973108688263,2,False,Bull
2024-06-05,5354.02978515625,0.0117780158499556,0.0066996711319484,2,2.0585799669621453e-10,0.000604136648594443,0.9993958631457309,0.9993958631457309,2,False,Bull
2024-06-06,5352.9599609375,-0.0001998366016362,0.006607819989745,2,3.4578274819677616e-10,0.00020405449534329327,0.999795945158944,0.999795945158944,2,False,Bull
2024-06-07,5346.990234375,-0.0011158420502788,0.0060048599912101,2,4.838525029965528e-11,5.5258063869540826e-05,0.9999447418879014,0.9999447418879014,2,False,Bull
2024-06-10,5360.7900390625,0.0025775299782413,0.0057123754727832,2,1.1321340728977135e-11,2.870658953083782e-05,0.9999712933991263,0.9999712933991263,2,False,Bull
2024-06-11,5375.31982421875,0.0027067148552095,0.0057268630662094,2,4.077511768402243e-12,2.891847923706117e-05,0.9999710815166126,0.9999710815166126,2,False,Bull
2024-06-12,5421.02978515625,0.008467720241887,0.0052269094944552,2,9.332556086929508e-13,2.040824588923786e-05,0.9999795917533215,0.9999795917533215,2,False,Bull
2024-06-13,5433.740234375,0.0023419114371172,0.0042221796814323,2,3.4585390854872914e-13,2.483831238716719e-06,0.9999975161685067,0.9999975161685067,2,False,Bull
2024-06-14,5431.60009765625,-0.0003939382809985,0.0041095079360298,2,9.429509033720896e-14,2.124965150711927e-06,0.9999978750347349,0.9999978750347349,2,False,Bull
2024-06-17,5473.22998046875,0.0076351643723207,0.0043110539071671,2,7.513664664247651e-14,4.230103465756173e-06,0.9999957698963383,0.9999957698963383,2,False,Bull
2024-06-18,5487.02978515625,0.0025181541815175,0.0042697031263943,2,3.762761796203413e-14,2.6440354261119824e-06,0.9999973559646089,0.9999973559646089,2,False,Bull
2024-06-20,5473.169921875,-0.0025291273954124,0.003577602508136,2,5.017983957215087e-14,1.1544581003745622e-06,0.9999988455417521,0.9999988455417521,2,False,Bull
2024-06-21,5464.6201171875,-0.0015633517188238,0.0037030489689102,2,2.8154387108698338e-14,1.274853182008406e-06,0.9999987251466277,0.9999987251466277,2,False,Bull
2024-06-24,5447.8701171875,-0.003069879155868,0.0039338780342315,2,2.7420871999711942e-14,1.957991908129504e-06,0.9999980420080716,0.9999980420080716,2,False,Bull
2024-06-25,5469.2998046875,0.0039258736791829,0.0039836504297899,2,3.2837383134914854e-14,1.857003514639038e-06,0.9999981429963517,0.9999981429963517,2,False,Bull
2024-06-26,5477.89990234375,0.0015711962247202,0.0039775709409065,2,1.1026740559894002e-14,1.7096658857234175e-06,0.9999982903342306,0.9999982903342306,2,False,Bull
2024-06-27,5482.8701171875,0.0009069098567984,0.0032382907572376,2,4.103048351220068e-14,6.43222130587987e-07,0.9999993567778142,0.9999993567778142,2,False,Bull
2024-06-28,5460.47998046875,-0.0040920134623689,0.0035915815090621,2,1.3004749754509676e-14,1.3644857082867616e-06,0.9999986355142242,0.9999986355142242,2,False,Bull
2024-07-01,5475.08984375,0.0026719909814296,0.003638213139888,2,1.6043839741194304e-14,1.0969001995303445e-06,0.9999989030999691,0.9999989030999691,2,False,Bull
2024-07-02,5509.009765625,0.0061762057711849,0.0033515053879892,2,2.9619100545408644e-14,9.535563982273615e-07,0.999999046443463,0.999999046443463,2,False,Bull
2024-07-03,5537.02001953125,0.0050715622695332,0.0035977364629849,2,1.8952186238776352e-14,1.1854888024555878e-06,0.9999988145111934,0.9999988145111934,2,False,Bull
2024-07-05,5567.18994140625,0.0054339743609688,0.0036337890141067,2,1.5599879766282356e-14,1.2816478920960127e-06,0.9999987183522563,0.9999987183522563,2,False,Bull
2024-07-08,5572.85009765625,0.0010161824764054,0.0034637134024742,2,1.1734287774679965e-14,8.548605992536716e-07,0.9999991451394651,0.9999991451394651,2,False,Bull
2024-07-09,5576.97998046875,0.0007407974780644,0.0030313416854311,2,1.0802348298580962e-13,5.006592184202739e-07,0.9999994993405724,0.9999994993405724,2,False,Bull
2024-07-10,5633.91015625,0.010156314878106,0.0039068454750169,2,7.322157868313897e-13,3.652291257000231e-06,0.9999963477078685,0.9999963477078685,2,False,Bull
2024-07-11,5584.5400390625,-0.008801649969266,0.0054070860626254,2,2.1945603610732977e-12,4.63450823117349e-05,0.9999536549156244,0.9999536549156244,2,False,Bull
2024-07-12,5615.35009765625,0.0055018640249642,0.0055050227914852,2,7.83271719703452e-11,2.3798624981416962e-05,0.9999762012965899,0.9999762012965899,2,False,Bull
2024-07-15,5631.22021484375,0.002822216423354,0.0050129985833914,2,2.7105885793965355e-09,4.4742000259661324e-05,0.9999552552891992,0.9999552552891992,2,False,Bull
2024-07-16,5667.2001953125,0.0063690499714521,0.0051149426126588,2,7.404123022728918e-08,0.006527364440370431,0.9934725615183728,0.9934725615183728,2,False,Bull
2024-07-17,5588.27001953125,-0.0140254415236444,0.0073978786116827,1,1.6260819871577808e-06,0.7860140457485673,0.21398432816929797,0.7860140457485673,1,False,Transition
2024-07-18,5544.58984375,-0.0078471121453507,0.0078076387084003,1,9.141672239546352e-05,0.927796172141369,0.07211241113639087,0.927796172141369,1,False,Transition
2024-07-19,5505.0,-0.0071658792264059,0.0078741623212258,1,0.00010819548838415526,0.9797504165033929,0.0201413880082649,0.9797504165033929,1,False,Transition
2024-07-22,5564.41015625,0.0107342172462203,0.0087216364321268,1,0.00010968208257353084,0.9989539262227003,0.0009363916948808241,0.9989539262227003,1,False,Transition
2024-07-23,5555.740234375,-0.0015593176939461,0.0087258167071149,1,0.00012493790269137335,0.9996470936633036,0.00022796843420475104,0.9996470936633036,1,False,Transition
2024-07-24,5427.1298828125,-0.0234212422228932,0.010500226896573,1,0.0009361373716287459,0.9990638596102605,3.0181638032173072e-09,0.9990638596102605,1,False,Transition
2024-07-25,5399.22021484375,-0.0051558890197167,0.010367380892058,1,0.0002750325194453735,0.9997234907665424,1.4767138209882485e-06,0.9997234907665424,1,False,Transition
2024-07-26,5459.10009765625,0.0110294204095708,0.0110200513081141,1,0.0006999254158565817,0.999299942641578,1.3194243855724194e-07,0.999299942641578,1,False,Transition
2024-07-29,5463.5400390625,0.0008129795718279,0.0109236032954694,1,0.0023783834618191723,0.997621150263153,4.662749603429381e-07,0.997621150263153,1,False,Transition
2024-07-30,5436.43994140625,-0.0049725143613663,0.0104171581617211,1,0.016997349923921164,0.9830015558388626,1.094237385925641e-06,0.9830015558388626,1,False,Transition
2024-07-31,5522.2998046875,0.0156699807019169,0.0114707381307252,1,0.17146843292291372,0.8285315616615464,5.4154862494121975e-09,0.8285315616615464,1,False,Transition
2024-08-01,5446.68017578125,-0.0137881237919899,0.0119958131565226,1,0.49790521280691574,0.5020947870710297,1.2184157527726396e-10,0.5020947870710297,1,False,Transition
2024-08-02,5346.56005859375,-0.0185529066085532,0.013057202286349,0,0.9313812014249617,0.06861879857510311,5.015722188016993e-16,0.9313812014249617,0,False,Bear
2024-08-05,5186.330078125,-0.030427041392393,0.0146634905098019,0,0.9999500282327822,4.997176700328377e-05,4.37867805877484e-24,0.9999500282327822,0,False,Bear
2024-08-06,5240.02978515625,0.0103008494935998,0.0156051222733663,0,0.9999983071512137,1.692848650632001e-06,6.74234028660684e-23,0.9999983071512137,0,False,Bear
2024-08-07,5199.5,-0.0077647153887703,0.0143840093308512,0,0.9999630339946196,3.696600557150808e-05,1.7819344745610984e-24,0.9999630339946196,0,False,Bear
2024-08-08,5319.31005859375,0.022781139590899,0.016719435901,0,0.9999999865431164,1.345702558755474e-08,6.668160074190468e-31,0.9999999865431164,0,False,Bear
2024-08-09,5344.16015625,0.0046607984343811,0.0163056990955873,0,0.9999997222085244,2.7779161666814445e-07,3.553525819295196e-30,0.9999997222085244,0,False,Bear
2024-08-12,5344.39013671875,4.3033051721153015e-05,0.0162920812993632,0,0.9999996902620776,3.097379531325566e-07,1.4098855366016016e-30,0.9999996902620776,0,False,Bear
2024-08-13,5434.43017578125,0.0167072334190496,0.0172944992589419,0,0.9999999954511622,4.548905528634044e-09,1.103325489889197e-33,0.9999999954511622,0,False,Bear
2024-08-14,5455.2099609375,0.0038164365611983,0.0164856402430954,0,0.9999998362509493,1.6374911402327904e-07,3.954250826700447e-31,0.9999998362509493,0,False,Bear
2024-08-15,5543.22021484375,0.0160044899313049,0.0166536320897409,0,0.9999996604679503,3.395319248021895e-07,4.5742757410044206e-27,0.9999996604679503,0,False,Bear
2024-08-16,5554.25,0.0019878023683954,0.0150608501024,0,0.9921377302797495,0.007862269720126802,1.5700788611509912e-19,0.9921377302797495,0,False,Bear
2024-08-19,5608.25,0.0096753274361773,0.0090847216217306,1,0.0760973822797101,0.9239023661724761,2.51547672544638e-07,0.9239023661724761,1,False,Transition
2024-08-20,5597.1201171875,-0.0019865272376087,0.0095320241654342,1,0.0047676561095917865,0.9952061270684165,2.621682209172727e-05,0.9952061270684165,1,False,Transition
2024-08-21,5620.85009765625,0.0042307147210056,0.0081839591088835,1,0.00042139682526328803,0.9988224544724954,0.0007561487022965056,0.9988224544724954,1,False,Transition
2024-08-22,5570.64013671875,-0.0089729422566566,0.0078765075381036,1,0.00016400186250608716,0.9989194227742785,0.0009165753632354515,0.9989194227742785,1,False,Transition
2024-08-23,5634.60986328125,0.0114179374016636,0.0081652664651715,1,0.00013357710539857933,0.9982416262612005,0.0016247966333732163,0.9982416262612005,1,False,Transition
2024-08-26,5616.83984375,-0.0031587101696057,0.0084517201739057,1,7.976588644167247e-05,0.9908618845280822,0.009058349585587147,0.9908618845280822,1,False,Transition
2024-08-27,5625.7998046875,0.0015939251127239,0.0074067834470908,1,0.00011412796538105232,0.9454133566942181,0.05447251534018321,0.9454133566942181,1,False,Transition
2024-08-28,5592.18017578125,-0.0059939007947349,0.0079818229445289,1,0.00010821379479840901,0.9284293715859356,0.07146241461913534,0.9284293715859356,1,False,Transition
2024-08-29,5591.9599609375,-3.937984343771461e-05,0.0064210963509516,1,0.0002879783460847052,0.8707550952386016,0.1289569264154591,0.8707550952386016,1,False,Transition
2024-08-30,5648.39990234375,0.0100424570791446,0.0070504819210244,1,0.0002815375392351556,0.9117241877444269,0.08799427471653273,0.9117241877444269,1,False,Transition
2024-09-03,5528.93017578125,-0.021377963372398,0.0095379514967548,1,0.0004293488717318242,0.9995649353787894,5.715749277546866e-06,0.9995649353787894,1,False,Transition
2024-09-04,5520.06982421875,-0.0016038290273812,0.0095362132045523,1,9.769648082870618e-05,0.9998826016172068,1.970190215606442e-05,0.9998826016172068,1,False,Transition
2024-09-05,5503.41015625,-0.0030225810146742,0.0093352479614741,1,9.226481510363389e-05,0.9998783861133355,2.934907141644775e-05,0.9998783861133355,1,False,Transition
2024-09-06,5408.419921875,-0.0174109445074233,0.0103504983071027,1,0.0003467298165617819,0.9996532076476227,6.2535923353746e-08,0.9996532076476227,1,False,Transition
2024-09-09,5471.0498046875,0.0115135344358172,0.0103652820044583,1,0.00020722270226839298,0.9997920160556184,7.61242061736892e-07,0.9997920160556184,1,False,Transition
2024-09-10,5495.52001953125,0.004462699977795,0.010624827656624,1,0.00017676244018505376,0.999822238641944,9.989180758720224e-07,0.999822238641944,1,False,Transition
2024-09-11,5554.1298828125,0.010608555649842,0.0113393406916047,1,0.0004172060433974834,0.9995827376060039,5.6350813787025576e-08,0.9995827376060039,1,False,Transition
2024-09-12,5595.759765625,0.0074673521568033,0.0115154875672276,1,0.000460363831549979,0.999539580602988,5.5565550841678334e-08,0.999539580602988,1,False,Transition
2024-09-13,5626.02001953125,0.0053931422343556,0.0116375638541359,1,0.00043735259839328437,0.9995625992434223,4.8158401373251195e-08,0.9995625992434223,1,False,Transition
2024-09-16,5633.08984375,0.0012558408673104,0.0111682733815961,1,0.0002338136070372987,0.9997658798116064,3.0658120781906315e-07,0.9997658798116064,1,False,Transition
2024-09-17,5634.580078125,0.000264515093896,0.0083701473953641,1,8.534021145586584e-05,0.9994357462041221,0.00047891358447141254,0.9994357462041221,1,False,Transition
2024-09-18,5618.259765625,-0.0029006587083131,0.0084400963398669,1,7.38948583909053e-05,0.9993419571710078,0.0005841479706921086,0.9993419571710078,1,False,Transition
2024-09-19,5713.64013671875,0.0168343568927262,0.0094629421522622,1,1.2077859077945228e-05,0.998506942342847,0.001480979798137233,0.998506942342847,1,False,Transition
2024-09-20,5702.5498046875,-0.0019429136300157,0.0063827812374808,2,6.345197936687529e-07,0.06483467346641289,0.9351646920137271,0.9351646920137271,2,False,Bull
2024-09-23,5718.56982421875,0.0028053344257124,0.0060241665750517,2,3.467272917994626e-08,0.0020973684789747054,0.9979025968484481,0.9979025968484481,2,False,Bull
2024-09-24,5732.93017578125,0.0025080311033462,0.0060544366451776,2,1.0002615324479248e-09,0.00012059021497664693,0.9998794087849314,0.9998794087849314,2,False,Bull
2024-09-25,5722.259765625,-0.0018629832062124,0.0058762639183022,2,3.519094421649208e-11,4.3543757046527544e-05,0.9999564562075659,0.9999564562075659,2,False,Bull
2024-09-26,5745.3701171875,0.0040305421581994,0.0056820924910847,2,1.0136685081809674e-11,2.8766401444348604e-05,0.9999712335883807,0.9999712335883807,2,False,Bull
2024-09-27,5738.169921875,-0.0012540029000724,0.0057127627324755,2,1.182137063502872e-11,3.002336143648628e-05,0.9999699766267999,0.9999699766267999,2,False,Bull
2024-09-30,5762.47998046875,0.0042276036584407,0.0057484482315443,2,1.900833046285466e-10,4.852561015535558e-05,0.9999514741999348,0.9999514741999348,2,False,Bull
2024-10-01,5708.75,-0.0093678486944543,0.0068277224958783,2,3.8994223593103674e-10,0.0008158035300058459,0.9991841960799493,0.9991841960799493,2,False,Bull
2024-10-02,5709.5400390625,0.0001383813269875,0.0066857503258317,2,2.3000734649727464e-11,0.0002490658759395926,0.9997509341011374,0.9997509341011374,2,False,Bull
2024-10-03,5699.93994140625,-0.0016828286544594,0.0040432040289891,2,4.1796756206020054e-11,2.405012005301842e-06,0.9999975949460167,0.9999975949460167,2,False,Bull
2024-10-04,5751.06982421875,0.0089302556991857,0.0049046471314682,2,1.4026725774775065e-11,1.3947694166942856e-05,0.9999860522916149,0.9999860522916149,2,False,Bull
2024-10-07,5695.93994140625,-0.0096322638293884,0.005840631285177,2,1.9144910303498863e-10,0.00014829373978157936,0.9998517060688982,0.9998517060688982,2,False,Bull
2024-10-08,5751.1298828125,0.0096427068046942,0.0066187942726406,2,2.022615219548779e-09,0.0004245215359512685,0.9995754764415146,0.9995754764415146,2,False,Bull
2024-10-09,5792.0400390625,0.0070882310169952,0.0068909081903273,2,4.25718410481816e-09,0.0005544324406335408,0.9994455633022483,0.9994455633022483,2,False,Bull
2024-10-10,5780.0498046875,-0.0020722685059819,0.0068837998145473,2,7.676313591949807e-09,0.0005511418150761843,0.999448850508433,0.999448850508433,2,False,Bull
2024-10-11,5815.02978515625,0.0060336087072982,0.0070492707407311,2,1.5737212130728612e-08,0.0010388870152640169,0.9989610972476295,0.9989610972476295,2,False,Bull
2024-10-14,5859.85009765625,0.0076781145745936,0.0072872640945427,2,2.8383722096560977e-08,0.0019123077417648126,0.9980876638747036,0.9980876638747036,2,False,Bull
2024-10-15,5815.259765625,-0.0076385660375137,0.0070113782075172,2,3.19060753398797e-08,0.0016866382855300712,0.9983133298084301,0.9983133298084301,2,False,Bull
2024-10-16,5842.47021484375,0.0046682327827802,0.0070349043646758,2,1.0861040600041384e-08,0.0008463339123004616,0.9991536552266826,0.9991536552266826,2,False,Bull
2024-10-17,5841.47021484375,-0.0001711751285373,0.0069555699927894,2,2.1552308784595428e-09,0.0004675324599104141,0.9995324653849199,0.9995324653849199,2,False,Bull
2024-10-18,5864.669921875,0.0039636869427734,0.0066104053953509,2,1.1779921752864713e-10,0.00019943498903929286,0.999800564893207,0.999800564893207,2,False,Bull
2024-10-21,5853.97998046875,-0.0018244327564183,0.0054485905021927,2,1.2146430728090749e-11,2.117319378775626e-05,0.9999788267941417,0.9999788267941417,2,False,Bull
2024-10-22,5851.2001953125,-0.0004749666671965,0.0049393172142273,2,1.0545204126835423e-11,7.946329785257872e-06,0.9999920536594928,0.9999920536594928,2,False,Bull
2024-10-23,5797.419921875,-0.0092338242676799,0.0056200419346022,2,5.02499499969774e-12,7.366564184036718e-05,0.9999263343529188,0.9999263343529188,2,False,Bull
2024-10-24,5809.85986328125,0.0021434731305571,0.0055976581177372,2,5.996121431673852e-12,2.3257412444829898e-05,0.9999767425814495,0.9999767425814495,2,False,Bull
2024-10-25,5808.1201171875,-0.0002994920131857,0.005251392600736,2,7.900369935958507e-13,1.2623786380559599e-05,0.9999873762127298,0.9999873762127298,2,False,Bull
2024-10-28,5823.52001953125,0.0026479346267329,0.004625122648625,2,8.203701637187514e-12,4.552513602368956e-06,0.9999954474782443,0.9999954474782443,2,False,Bull
2024-10-29,5832.919921875,0.0016128259449015,0.00394021498909,2,3.189535257646159e-10,1.9087084744141467e-06,0.9999980909724432,0.9999980909724432,2,False,Bull
2024-10-30,5813.669921875,-0.0033056916724891,0.0037615054168884,2,8.90229569437438e-09,0.0002580783520663504,0.9997419127457794,0.9997419127457794,2,False,Bull
2024-10-31,5705.4501953125,-0.0187901349287447,0.0068905078801495,2,1.7327101674947497e-07,0.24796363567703936,0.7520361910520811,0.7520361910520811,2,False,Bull
2024-11-01,5728.7998046875,0.0040841580045256,0.0069028789914625,2,4.498057260592071e-05,0.25651190983752314,0.7434431095900043,0.7434431095900043,2,False,Bull
2024-11-04,5712.68994140625,-0.0028160448131906,0.0069017080189356,2,5.930588276226233e-05,0.37062182691173345,0.6293188672054177,0.6293188672054177,2,False,Bull
2024-11-05,5782.759765625,0.0121910310295625,0.0083196259703339,1,0.00012724992166828316,0.9543457103590361,0.045527039719402064,0.9543457103590361,1,False,Transition
2024-11-06,5929.0400390625,0.0249812809571867,0.011181296431003,1,0.0018676664221328938,0.9981323146939247,1.8884125649085138e-08,0.9981323146939247,1,False,Transition
2024-11-07,5973.10009765625,0.0074037541739961,0.0112991080485533,1,0.000630119767733599,0.9993697735601466,1.0667198313559134e-07,0.9993697735601466,1,False,Transition
2024-11-08,5995.5400390625,0.003749794035718,0.011249292993745,1,0.0003255795633164782,0.9996742481635945,1.7227293403619845e-07,0.9996742481635945,1,False,Transition
2024-11-11,6001.35009765625,0.0009685941909562,0.011270565093227,1,0.0002753751826103726,0.9997244522971634,1.7252002322594643e-07,0.9997244522971634,1,False,Transition
2024-11-12,5983.990234375,-0.0028968514769367,0.0114217987898079,1,0.00030521758786809236,0.9996946905023927,9.190964142678054e-08,0.9996946905023927,1,False,Transition
2024-11-13,5985.3798828125,0.0002322007641417,0.0112738603074733,1,0.0002394254815495041,0.9997604008783859,1.7364011207244e-07,0.9997604008783859,1,False,Transition
2024-11-14,5949.169921875,-0.0060681085822444,0.0090517347511248,1,0.00010390676713246804,0.999855358598438,4.073463440335235e-05,0.999855358598438,1,False,Transition
2024-11-15,5870.6201171875,-0.0132914308667935,0.0106069123547994,1,0.00024330222176625446,0.9997565674439036,1.303345403836958e-07,0.9997565674439036,1,False,Transition
2024-11-18,5893.6201171875,0.0039101597462067,0.0104482723131807,1,0.00011938771887475812,0.9998744956798076,6.1166014024276795e-06,0.9998744956798076,1,False,Transition
2024-11-19,5916.97998046875,0.0039557505205962,0.0099671582746313,1,2.51314359303212e-06,0.9960092525101679,0.003988234346455377,0.9960092525101679,1,False,Transition
2024-11-20,5917.10986328125,2.195062133480974e-05,0.0059840208164825,2,2.712241860778821e-07,0.028745529478580605,0.9712541992971198,0.9712541992971198,2,False,Bull
2024-11-21,5948.7099609375,0.0053262518442878,0.0057209306920723,2,9.881290877148266e-09,0.0006394602400040517,0.9993605298788234,0.9993605298788234,2,False,Bull
2024-11-22,5969.33984375,0.0034619595915366,0.0056983604861434,2,2.7308424005464104e-10,3.9565388307700195e-05,0.999960434338512,0.999960434338512,2,False,Bull
2024-11-25,5987.3701171875,0.003015927820126,0.0057905437058988,2,2.1428847350264028e-11,3.373213318982141e-05,0.9999662678451916,0.9999662678451916,2,False,Bull
2024-11-26,6021.6298828125,0.0057056971552622,0.0059865494657232,2,2.809738929719134e-11,5.7881559806071145e-05,0.999942118411951,0.999942118411951,2,False,Bull
2024-11-27,5998.740234375,-0.0038084810835776,0.0061502861305257,2,3.1556471067448815e-11,8.291600109667047e-05,0.9999170839672096,0.9999170839672096,2,False,Bull
2024-11-29,6032.3798828125,0.0055921203968019,0.0059262902189987,2,3.77452443372762e-13,5.027638537270214e-05,0.9999497236141657,0.9999497236141657,2,False,Bull
2024-12-02,6047.14990234375,0.0024454638805817,0.0029235560226701,2,6.80359388409583e-13,4.5911432909174216e-07,0.9999995408849062,0.9999995408849062,2,False,Bull
2024-12-03,6049.8798828125,0.0004513472420217,0.0030025425273753,2,4.176269492265137e-14,4.84606944425687e-07,0.999999515393146,0.999999515393146,2,False,Bull
2024-12-04,6086.490234375,0.0060331816281369,0.0031725325071533,2,1.3149140713859462e-14,7.509861902004994e-07,0.9999992490136811,0.9999992490136811,2,False,Bull
2024-12-05,6075.10986328125,-0.0018715258393822,0.0034062796851948,2,9.623699855246538e-15,8.795648512405813e-07,0.9999991204353367,0.9999991204353367,2,False,Bull
2024-12-06,6090.27001953125,0.0024923453675373,0.0032727865116315,2,6.419356403532559e-14,6.822024781934528e-07,0.9999993177973518,0.9999993177973518,2,False,Bull
2024-12-09,6052.85009765625,-0.0061631672852264,0.0041953434553343,2,4.077261830395304e-14,4.162228628153402e-06,0.9999958377711883,0.9999958377711883,2,False,Bull
2024-12-10,6034.91015625,-0.0029682843142797,0.0043610599540202,2,3.1368802230294007e-13,3.6083946925799375e-06,0.9999963916049256,0.9999963916049256,2,False,Bull
2024-12-11,6084.18994140625,0.0081326264113688,0.0047178909996801,2,5.283494479114536e-13,8.45556382185152e-06,0.9999915444357665,0.9999915444357665,2,False,Bull
2024-12-12,6051.25,-0.005428731461464,0.004925892991452,2,8.182743867073444e-13,1.1445917453030352e-05,0.9999885540815044,0.9999885540815044,2,False,Bull
2024-12-13,6051.08984375,-2.646698937169845e-05,0.004639749200333,2,3.533071756601121e-11,4.720372085206451e-06,0.9999952795926673,0.9999952795926673,2,False,Bull
2024-12-16,6074.080078125,0.0037921550087851,0.0047273454912221,2,1.5245457181811277e-09,2.782128290455452e-05,0.9999721771924475,0.9999721771924475,2,False,Bull
2024-12-17,6050.60986328125,-0.0038714794806562,0.004920340922085,2,1.6298835752645025e-07,0.006090060240542722,0.9939097767709851,0.9939097767709851,2,False,Bull
2024-12-18,5872.16015625,-0.0299365053045175,0.0102695287950234,1,1.6520677611934704e-05,0.9999834082917378,7.103075145105913e-08,0.9999834082917378,1,False,Transition
2024-12-19,5867.080078125,-0.0008654867505377,0.0102930793783815,1,0.00011703489112382133,0.9998802987122407,2.6663966427775588e-06,0.9998802987122407,1,False,Transition
2024-12-20,5930.85009765625,0.0108104794023979,0.0111316796780136,1,0.00038002899106629574,0.9996198711148606,9.98942780723498e-08,0.9996198711148606,1,False,Transition
2024-12-23,5974.06982421875,0.0072608495856165,0.0114656857651511,1,0.000667420885272846,0.9993325129355025,6.617923113226477e-08,0.9993325129355025,1,False,Transition
2024-12-24,6040.0400390625,0.0109822331651265,0.0120740644940536,1,0.0015467584653618234,0.9984532359672673,5.56753327896395e-09,0.9984532359672673,1,False,Transition
2024-12-26,6037.58984375,-0.000405741088258,0.0117389802096108,1,0.0015911818741732899,0.9984087771996359,4.092610786741196e-08,0.9984087771996359,1,False,Transition
2024-12-27,5970.83984375,-0.0111173049649124,0.0121214810458893,1,0.0033222564882308984,0.9966777409333081,2.5783579555852794e-09,0.9966777409333081,1,False,Transition
2024-12-30,5906.93994140625,-0.0107596739417292,0.0124628614445211,1,0.004410304961690735,0.9955896940809649,9.571860287664375e-10,0.9955896940809649,1,False,Transition
2024-12-31,5881.6298828125,-0.0042940064589824,0.0122765967589506,1,0.0030654221682501074,0.9969345721128776,5.7187545446777555e-09,0.9969345721128776,1,False,Transition
2025-01-02,5868.5498046875,-0.0022263631494485,0.0122779141951516,1,0.0017837280472628473,0.9982162648343683,7.118239813273213e-09,0.9982162648343683,1,False,Transition
2025-01-03,5942.47021484375,0.0125173567078249,0.0087963844886369,1,0.00028302047479811015,0.9996793558638672,3.762366149788017e-05,0.9996793558638672,1,False,Transition
2025-01-06,5975.3798828125,0.0055227664968189,0.008862225012319,1,9.294730759105543e-05,0.9998096239558891,9.742873644689182e-05,0.9998096239558891,1,False,Transition
2025-01-07,5909.02978515625,-0.0111660215166367,0.0091089751877422,1,0.00011487339716801702,0.999870790717055,1.4335885873627837e-05,0.999870790717055,1,False,Transition
2025-01-08,5918.25,0.0015591440938305,0.0087497156820042,1,7.934379896629312e-05,0.9997686218973035,0.0001520343038492126,0.9997686218973035,1,False,Transition
2025-01-10,5827.0400390625,-0.0155316376502323,0.0087531653299769,1,0.00017644291404846822,0.9998143383596138,9.218726190118295e-06,0.9998143383596138,1,False,Transition
2025-01-13,5836.22021484375,0.0015742043780537,0.0088549998427014,1,7.686333614015915e-05,0.9997859478098634,0.0001371888542047783,0.9997859478098634,1,False,Transition
2025-01-14,5842.91015625,0.001145623334164,0.0085086538613346,1,8.57946461113895e-05,0.9996267745609846,0.00028743079276416234,0.9996267745609846,1,False,Transition
2025-01-15,5949.91015625,0.0181471325045166,0.010037587358815,1,0.00027953634407219504,0.9997201284221451,3.3523367353928867e-07,0.9997201284221451,1,False,Transition
2025-01-16,5937.33984375,-0.0021149243408657,0.0099397022615261,1,0.00010447796139732018,0.9998890589102793,6.4631282114765475e-06,0.9998890589102793,1,False,Transition
2025-01-17,5996.66015625,0.0099414783083933,0.0102486197399509,1,0.00014078089229265637,0.9998577756536049,1.4434542912905807e-06,0.9998577756536049,1,False,Transition
2025-01-21,6049.240234375,0.0087300094405957,0.0098869158802845,1,0.00011290043167756975,0.9998824082640735,4.691304412824284e-06,0.9998824082640735,1,False,Transition
2025-01-22,6086.3701171875,0.0061191810869942,0.0099137594820061,1,9.632667203626253e-05,0.9998971191642076,6.55416354429845e-06,0.9998971191642076,1,False,Transition
2025-01-23,6118.7099609375,0.0052994194595292,0.0088206182663454,1,7.821882004869758e-05,0.9998104355284351,0.00011134565133779441,0.9998104355284351,1,False,Transition
2025-01-24,6101.240234375,-0.0028592159844667,0.0090359471700442,1,7.7674838174928e-05,0.9998552681168086,6.70570449005078e-05,0.9998552681168086,1,False,Transition
2025-01-27,6012.27978515625,-0.0146880590321121,0.0088451720084952,1,0.00016194529336073312,0.9998292307003693,8.824006176661747e-06,0.9998292307003693,1,False,Transition
2025-01-28,6067.7001953125,0.0091756441777164,0.0090215332911518,1,9.941428877404205e-05,0.999858680342043,4.190536902747351e-05,0.999858680342043,1,False,Transition
2025-01-29,6039.31005859375,-0.0046898760569202,0.0093995602716489,1,8.180403462159921e-05,0.9998536064745187,6.458949091330626e-05,0.9998536064745187,1,False,Transition
2025-01-30,6071.169921875,0.0052615481521804,0.0079030849156032,1,9.903133548001936e-05,0.9967175611976915,0.0031834074666920583,0.9967175611976915,1,False,Transition
2025-01-31,6040.52978515625,-0.0050596039902668,0.0081258861919285,1,9.304035764061273e-05,0.9938976849413266,0.006009274700853356,0.9938976849413266,1,False,Transition
2025-02-03,5994.56982421875,-0.0076376907294957,0.0080515596297752,1,0.00010199698390053111,0.9827143769213539,0.017183626094520527,0.9827143769213539,1,False,Transition
2025-02-04,6037.8798828125,0.0071989074030298,0.0078790758490703,1,9.298055076543899e-05,0.9307390875897235,0.0691679318596661,0.9307390875897235,1,False,Transition
2025-02-05,6061.47998046875,0.0039010539156141,0.0077112216848852,1,7.89453320088065e-05,0.8310578097268981,0.16886324494090987,0.8310578097268981,1,False,Transition
2025-02-06,6083.56982421875,0.0036376743552661,0.0075914954120037,1,7.082203716721636e-05,0.7339254248450439,0.2660037531176093,0.7339254248450439,1,False,Transition
2025-02-07,6025.990234375,-0.0095098456936604,0.0080887793873568,1,1.4038462556017279e-05,0.6635533714629083,0.3364325900745869,0.6635533714629083,1,False,Transition
2025-02-10,6066.43994140625,0.0066901122954536,0.0068737241297613,2,1.1488468754062808e-06,0.12248816612187285,0.8775106850311508,0.8775106850311508,2,False,Bull
2025-02-11,6068.5,0.0003395251436746,0.0062289308025395,2,1.1291229861550496e-07,0.0056696146318322834,0.9943302724557478,0.9943302724557478,2,False,Bull
2025-02-12,6051.97021484375,-0.0027275831896478,0.0060937508597026,2,3.473161714290519e-08,0.0003744254725214178,0.9996255397957193,0.9996255397957193,2,False,Bull
2025-02-13,6115.06982421875,0.0103723132142352,0.0067441555614392,2,2.055356043607048e-09,0.0005646007203704288,0.9994353972243636,0.9994353972243636,2,False,Bull
2025-02-14,6114.6298828125,-7.194639557361882e-05,0.0064470797988299,2,1.872670953864464e-10,0.0001450535809534226,0.9998549462318883,0.9998549462318883,2,False,Bull
2025-02-18,6129.580078125,0.0024420036555508,0.0056467611558155,2,4.3373006917335624e-10,2.9392417512570878e-05,0.999970607148921,0.999970607148921,2,False,Bull
2025-02-19,6144.14990234375,0.0023741488668242,0.0053743144380493,2,5.004823242917166e-09,0.00017479680263114507,0.9998251981925169,0.9998251981925169,2,False,Bull
2025-02-20,6117.52001953125,-0.0043436048842888,0.0056329408895126,2,1.4232172580908365e-07,0.016016959976789702,0.9839828977013576,0.9839828977013576,2,False,Bull
2025-02-21,6013.1298828125,-0.0172113966725397,0.0079125448021219,1,4.25119915222069e-06,0.762324835410137,0.23767091339052004,0.762324835410137,1,False,Transition
2025-02-24,5983.25,-0.0049814935662517,0.0075007443228106,1,9.197589208750715e-05,0.7581354428028205,0.24177258130496443,0.7581354428028205,1,False,Transition
2025-02-25,5955.25,-0.0046907151383965,0.0071058802247115,1,0.00013380877492006252,0.7597901037280643,0.2400760874969508,0.7597901037280643,1,False,Transition
2025-02-26,5956.06005859375,0.0001360150295841,0.0070992014303442,1,0.00014608608493188433,0.8035278594825691,0.19632605443267867,0.8035278594825691,1,False,Transition
2025-02-27,5861.56982421875,-0.0159917426785245,0.0083975944322252,1,0.000292785091966236,0.9977495365327286,0.0019576783753164602,0.9977495365327286,1,False,Transition
2025-02-28,5954.5,0.0157297804206635,0.0094627867826968,1,0.0010381705227364136,0.9989554289362832,6.400540760783417e-06,0.9989554289362832,1,False,Transition
2025-03-03,5849.72021484375,-0.0177534026483101,0.0105183265523108,1,0.006243564752120881,0.9937564022499747,3.2998046246468545e-08,0.9937564022499747,1,False,Transition
2025-03-04,5778.14990234375,-0.0123102882315055,0.010482029806916,1,0.022643411942974145,0.9773563787623339,2.0929481001227588e-07,0.9773563787623339,1,False,Transition
2025-03-05,5842.6298828125,0.0110974725287356,0.0115555370638107,1,0.12632371171755888,0.8736762732161971,1.506606983811563e-08,0.8736762732161971,1,False,Transition
2025-03-06,5738.52001953125,-0.0179796771074549,0.012249035525705,1,0.43671213852568425,0.5632878614061845,6.80929951116322e-11,0.5632878614061845,1,False,Transition
2025-03-07,5770.2001953125,0.005505435045455,0.0121261657735267,1,0.6159518668122991,0.38404813317046005,1.720452615334545e-11,0.6159518668122991,0,True,Transition
2025-03-10,5614.56005859375,-0.0273435417884293,0.0141884419360356,0,0.9983672386112249,0.0016327613888298244,2.0107409439078387e-19,0.9983672386112249,0,False,Bear
2025-03-11,5572.06982421875,-0.007596646918536,0.0141802088787828,0,0.9998543429735357,0.00014565702650244669,1.474505777274791e-17,0.9998543429735357,0,False,Bear
2025-03-12,5599.2998046875,0.0048749679404913,0.0145076236094776,0,0.9999619987774336,3.800122259786661e-05,3.161097821671891e-19,0.9999619987774336,0,False,Bear
2025-03-13,5521.52001953125,-0.0139883668064655,0.0143702094123121,0,0.9999763431384727,2.3656861390007437e-05,4.1295524396995697e-22,0.9999763431384727,0,False,Bear
2025-03-14,5638.93994140625,0.0210429059531982,0.0153282174318792,0,0.9999989819426172,1.018057305054229e-06,4.931249138090822e-25,0.9999989819426172,0,False,Bear
2025-03-17,5675.1201171875,0.0063956349746057,0.0150738184412099,0,0.9999919721462265,8.027853895050154e-06,2.0385609227170368e-23,0.9999919721462265,0,False,Bear
2025-03-18,5614.66015625,-0.0107106670743206,0.0149725441803798,0,0.999991969086711,8.030913110778406e-06,5.554523208221053e-22,0.999991969086711,0,False,Bear
2025-03-19,5675.2900390625,0.0107406081729539,0.014935934173231,0,0.9999311499774569,6.885002243125074e-05,1.3408411190477642e-19,0.9999311499774569,0,False,Bear
2025-03-20,5662.89013671875,-0.0021872835137823,0.0139686074561861,0,0.9924399816720292,0.007560018328182649,1.4493926185224302e-15,0.9924399816720292,0,False,Bear
2025-03-21,5667.56005859375,0.0008243136078327,0.0137915251429112,0,0.9208522635273321,0.07914773647247565,3.8264823582469787e-13,0.9208522635273321,0,False,Bear
2025-03-24,5767.56982421875,0.0174921171286381,0.0116908297529037,1,0.44681147940523325,0.5531885203505178,2.441665640515513e-10,0.5531885203505178,1,False,Transition
2025-03-25,5776.64990234375,0.001573095490654,0.0111411460978358,1,0.09520269959928941,0.9047971608919096,1.3950879042443586e-07,0.9047971608919096,1,False,Transition
2025-03-26,5712.2001953125,-0.0112196403575985,0.0120618927495238,1,0.044267314026099555,0.9557326832230268,2.7507253902765993e-09,0.9557326832230268,1,False,Transition
2025-03-27,5693.31005859375,-0.0033124610071322,0.0109070812237313,1,0.010648920083147495,0.9893506984176721,3.8149922415947964e-07,0.9893506984176721,1,False,Transition
2025-03-28,5580.93994140625,-0.0199346011268524,0.0110977850198761,1,0.007762442472276845,0.9922375549995172,2.528295422413223e-09,0.9922375549995172,1,False,Transition
2025-03-31,5611.85009765625,0.005523240357645,0.0110361502139896,1,0.005641663003231488,0.9943580579583461,2.790384740237052e-07,0.9943580579583461,1,False,Transition
2025-04-01,5633.06982421875,0.0037741045552124,0.0105787663649943,1,0.013027421812780637,0.9869715043512183,1.0738360211635723e-06,0.9869715043512183,1,False,Transition
2025-04-02,5670.97021484375,0.0067056614294838,0.0102079027459563,1,0.09328422472924865,0.9067157752707393,1.2692497883869035e-17,0.9067157752707393,1,False,Transition
2025-04-03,5396.52001953125,-0.0496059118289959,0.0187429979187301,0,0.9999999999949978,4.901858017817178e-12,4.995695980459548e-65,0.9999999999949978,0,False,Bear
2025-04-04,5074.080078125,-0.0616090618982312,0.0257451076021263,0,1.0,8.133658422735493e-34,2.994861783552279e-114,1.0,0,False,Bear
2025-04-07,5062.25,-0.0023341946059627,0.0240065957394994,0,1.0,9.253990739100744e-23,4.462218677896884e-96,1.0,0,False,Bear
2025-04-08,4982.77001953125,-0.0158250832770558,0.02345363235547,0,1.0,1.0767573758400095e-21,1.3292341276185783e-93,1.0,0,False,Bear
2025-04-09,5456.89990234375,0.0908948798330371,0.0409107393982553,0,1.0,2.718243001342828e-107,1.58577633518925e-269,1.0,0,False,Bear
2025-04-10,5268.0498046875,-0.0352206070241116,0.0420305619035508,0,1.0,7.459143875510875e-103,9.37395853900986e-246,1.0,0,False,Bear
2025-04-11,5363.35986328125,0.0179303808357769,0.0425150318266529,0,1.0,3.025059422839315e-104,2.372154979420527e-244,1.0,0,False,Bear
2025-04-14,5405.97021484375,0.0079133193263434,0.042581038595464,0,1.0,3.025713145059445e-104,1.4617092652974346e-243,1.0,0,False,Bear
2025-04-15,5396.6298828125,-0.0017292752253013,0.0425086684110483,0,1.0,1.0064067556900426e-103,1.4102336622406182e-242,1.0,0,False,Bear
2025-04-16,5275.7001953125,-0.022663253964902,0.0426789288239547,0,1.0,1.3735445357563284e-105,1.0089602137612378e-247,1.0,0,False,Bear
2025-04-17,5282.7001953125,0.0013259586237737,0.0400152446079306,0,1.0,3.318569466675474e-89,6.464258833677244e-218,1.0,0,False,Bear
2025-04-21,5158.2001953125,-0.0238496483340195,0.0352806416963609,0,1.0,1.1583509309842991e-65,1.2022423404030895e-179,1.0,0,False,Bear
2025-04-22,5287.759765625,0.0248069521254503,0.0359776656019665,0,1.0,4.954333636436041e-69,3.965989135823744e-185,1.0,0,False,Bear
2025-04-23,5375.85986328125,0.0165238643668796,0.0354111004627342,0,1.0,9.065379380213733e-66,1.1845472349766192e-168,1.0,0,False,Bear
2025-04-24,5484.77001953125,0.0200566280825835,0.0210815448327853,0,1.0,3.2176399319159845e-16,7.901805636615722e-71,1.0,0,False,Bear
2025-04-25,5525.2099609375,0.0073460847957012,0.01696006947862,0,0.9999999687520362,3.124818514067253e-08,4.362966172477736e-40,0.9999999687520362,0,False,Bear
2025-04-28,5528.75,0.0006405015390011,0.0163388559621646,0,0.9999997312693628,2.687306818325651e-07,7.326389935401188e-30,0.9999997312693628,0,False,Bear
2025-04-29,5560.830078125,0.0057856415455574,0.016282056407436,0,0.9999997109953673,2.8900464801198137e-07,2.0885583868093405e-27,0.9999997109953673,0,False,Bear
2025-04-30,5569.06005859375,0.0014788972519319,0.0162138273664989,0,0.9999911803499923,8.819649852222308e-06,1.3146406404482934e-23,0.9999911803499923,0,False,Bear
2025-05-01,5604.14013671875,0.006279345716452,0.0134411272313295,0,0.976537827333085,0.023462172666761733,1.1059480860792837e-15,0.976537827333085,0,False,Bear
2025-05-02,5686.669921875,0.014619191109114,0.0135798044251388,0,0.8876116029088691,0.11238839709069838,3.8489196422128996e-13,0.8876116029088691,0,False,Bear
2025-05-05,5650.3798828125,-0.0064020470293186,0.0096856395248281,1,0.06526860797913348,0.9347303725978149,1.0194232661884596e-06,0.9347303725978149,1,False,Transition
2025-05-06,5606.91015625,-0.0077229852783915,0.0092836057311214,1,0.004778334547684742,0.9949648606705183,0.00025680478175580567,0.9949648606705183,1,False,Transition
2025-05-07,5631.27978515625,0.004336938106709,0.0084946394861472,1,0.0004762292732416548,0.9765259610120302,0.022997809714907894,0.9765259610120302,1,False,Transition
2025-05-08,5663.93994140625,0.0057830211474669,0.0066059109428287,1,0.0007316549723681741,0.8386004838236145,0.1606678612039862,0.8386004838236145,1,False,Transition
2025-05-09,5659.91015625,-0.0007117341348763,0.0065370257331279,1,0.0022406219319438896,0.8351023491104069,0.162657028957527,0.8351023491104069,1,False,Transition
2025-05-12,5844.18994140625,0.0320399766770194,0.0113572743271528,1,0.00996305644179585,0.9900369428675387,6.907666684392335e-10,0.9900369428675387,1,False,Transition
2025-05-13,5886.5498046875,0.0072220590202469,0.0113696818959961,1,0.002363867310660819,0.997636044870724,8.78184810011699e-08,0.997636044870724,1,False,Transition
2025-05-14,5892.580078125,0.0010238912422764,0.011389310493251,1,0.000682770421683375,0.9993171084769169,1.2110141343698883e-07,0.9993171084769169,1,False,Transition
2025-05-15,5916.93017578125,0.0041238174387565,0.0113964035512974,1,0.00037326149587116786,0.999626629413904,1.0909038417410173e-07,0.999626629413904,1,False,Transition
2025-05-16,5958.3798828125,0.0069808493680998,0.0109597755817565,1,0.00022810066079271865,0.9997715952808199,3.0405825123624913e-07,0.9997715952808199,1,False,Transition
2025-05-19,5963.60009765625,0.000875729566049,0.0103687454605251,1,0.00013277805527238244,0.9998649455772306,2.276367413488241e-06,0.9998649455772306,1,False,Transition
2025-05-20,5940.4599609375,-0.0038877770695719,0.0098894684329762,1,0.0002768176489516711,0.9997168913805728,6.290970410579936e-06,0.9997168913805728,1,False,Transition
2025-05-21,5844.60986328125,-0.0162667192677599,0.0121183244828297,1,0.002648811407091701,0.9973511880727302,5.200644423437734e-10,0.9973511880727302,1,False,Transition
2025-05-22,5842.009765625,-0.0004449700224213,0.0121603873882227,1,0.0023243201201625595,0.9976756688003054,1.1079754137458618e-08,0.9976756688003054,1,False,Transition
2025-05-23,5802.81982421875,-0.0067308995914725,0.0125136165952271,1,0.0024472018058515365,0.9975527962921713,1.902051349805044e-09,0.9975527962921713,1,False,Transition
2025-05-27,5921.5400390625,0.0202525808021842,0.0096483392719052,1,0.0008435393770568587,0.9991561026976946,3.5792521240643936e-07,0.9991561026976946,1,False,Transition
2025-05-28,5888.5498046875,-0.0055868025764453,0.0096271907186709,1,0.00013963747666689437,0.9998501476419743,1.0214881434589077e-05,0.9998501476419743,1,False,Transition
2025-05-29,5912.169921875,0.0040031708706322,0.0097069975392544,1,8.530306723700861e-05,0.9999020231254763,1.2673807094536144e-05,0.9999020231254763,1,False,Transition
2025-05-30,5911.68994140625,-8.118845699556232e-05,0.0096151269164276,1,7.606613525724544e-05,0.9999067037283377,1.723013659386492e-05,0.9999067037283377,1,False,Transition
2025-06-02,5935.93994140625,0.004093651490626,0.0094206422129746,1,7.662939049832626e-05,0.9998967656964193,2.6604913209343074e-05,0.9998967656964193,1,False,Transition
2025-06-03,5970.3701171875,0.0057835335353697,0.0096189272342549,1,8.378530420293559e-05,0.999897528204736,1.8686490971695723e-05,0.999897528204736,1,False,Transition
2025-06-04,5970.81005859375,7.368474471824982e-05,0.0095168635842251,1,7.257470510528601e-05,0.9994003165855879,0.0005271087092098281,0.9994003165855879,1,False,Transition
2025-06-05,5939.2998046875,-0.005291357978697,0.0078549100774476,1,8.999312437255086e-05,0.9643285485337025,0.03558145834205222,0.9643285485337025,1,False,Transition
2025-06-06,6000.35986328125,0.010228196215376,0.0082597841771599,1,4.16914651191351e-05,0.8964522091277857,0.10350609940719391,0.8964522091277857,1,False,Transition
2025-06-09,6005.8798828125,0.0009195251863918,0.0076214789061668,2,2.3626964712847428e-07,0.3888521750615305,0.611147588668981,0.611147588668981,2,False,Bull
2025-06-10,6038.81005859375,0.0054680125416464,0.0049705720599152,2,1.6188233192553982e-08,0.002341442692585323,0.9976585411192369,0.9976585411192369,2,False,Bull
2025-06-11,6022.240234375,-0.0027476603182865,0.0045552792713126,2,7.572675810412115e-10,1.19628801433312e-05,0.9999880363627075,0.9999880363627075,2,False,Bull
2025-06-12,6045.259765625,0.0038151330716758,0.0045475967295933,2,4.941421272440557e-10,6.006671729964535e-06,0.999993992834187,0.999993992834187,2,False,Bull
2025-06-13,5976.97021484375,-0.0113606685901022,0.0062599339126938,2,4.707324440513459e-10,0.0006393274967234795,0.999360672032389,0.999360672032389,2,False,Bull
2025-06-16,6033.10986328125,0.0093488231481888,0.0067414082823338,2,4.050032581374456e-08,0.0012335942046350053,0.9987663652951798,0.9987663652951798,2,False,Bull
2025-06-17,5982.72021484375,-0.0083872597236442,0.007240732467362,2,6.317382240342293e-08,0.003330392307419739,0.996669544518722,0.996669544518722,2,False,Bull
2025-06-18,5980.8701171875,-0.0003092880347193,0.0072425264158973,2,1.3005206548377827e-07,0.002900620923714451,0.9970992490242406,0.9970992490242406,2,False,Bull
2025-06-20,5967.83984375,-0.0021810352155888,0.0070461298797836,2,2.5997873809273873e-07,0.004111515135094366,0.995888224886174,0.995888224886174,2,False,Bull
2025-06-23,6025.169921875,0.0095606550712599,0.0069459587918775,2,7.536594310641192e-07,0.011158095836686178,0.9888411505038193,0.9888411505038193,2,False,Bull
2025-06-24,6092.18017578125,0.0110603286169581,0.0077247809967418,2,1.2358541968532292e-06,0.0293221289774224,0.9706766351682833,0.9706766351682833,2,False,Bull
2025-06-25,6092.16015625,-3.286108348987682e-06,0.007599483606279,2,1.9538908490103946e-06,0.02921000394442756,0.9707880421646924,0.9707880421646924,2,False,Bull
2025-06-26,6141.02001953125,0.0079881310325173,0.007786158575846,2,1.5987991755928948e-06,0.030264999791746152,0.9697334014089392,0.9697334014089392,2,False,Bull
2025-06-27,6173.06982421875,0.00520539925615,0.0078353560460986,2,9.883941960822274e-08,0.02047226064819815,0.9795276405125042,0.9795276405125042,2,False,Bull
2025-06-30,6204.9501953125,0.0051511375061288,0.0062685223574249,2,1.4214880942566116e-08,0.0012298452062876365,0.9987701405788117,0.9987701405788117,2,False,Bull
2025-07-01,6198.009765625,-0.0011191571098798,0.006100221844753,2,7.810580433072238e-11,0.00010219579982190239,0.9998978041221922,0.9998978041221922,2,False,Bull
2025-07-02,6227.419921875,0.0047338743064901,0.0047022153965675,2,8.228355273553075e-12,6.058065742269099e-06,0.9999939419259829,0.9999939419259829,2,False,Bull
2025-07-03,6279.35009765625,0.0083043782106653,0.0046114132245758,2,7.393529828240224e-12,7.668187554020256e-06,0.9999923318049027,0.9999923318049027,2,False,Bull
2025-07-07,6229.97998046875,-0.007893368104245,0.005786095081173,2,4.103796159478293e-12,7.508247921319653e-05,0.9999249175164888,0.9999249175164888,2,False,Bull
2025-07-08,6225.52001953125,-0.0007161432504698,0.0056589313451423,2,6.0444941681895714e-12,2.6773474644318484e-05,0.9999732265192348,0.9999732265192348,2,False,Bull
2025-07-09,6263.259765625,0.0060438027767801,0.0050849568570308,2,1.8985460797585665e-12,1.1927832213864234e-05,0.999988072165903,0.999988072165903,2,False,Bull
2025-07-10,6280.4599609375,0.0027424410729253,0.0049918788587816,2,7.928741057219785e-13,8.186537438208277e-06,0.9999918134616059,0.9999918134616059,2,False,Bull
2025-07-11,6259.75,-0.0033029717732251,0.005026170720743,2,4.3669834453206145e-13,1.0478852853092959e-05,0.9999895211466238,0.9999895211466238,2,False,Bull
2025-07-14,6268.56005859375,0.0014064243309359,0.0048916001545326,2,6.732200291875298e-13,6.805874186729429e-06,0.9999931941251495,0.9999931941251495,2,False,Bull
2025-07-15,6243.759765625,-0.0039641450656713,0.0049911681885321,2,4.977236873344537e-13,1.0600039046077883e-05,0.9999893999604605,0.9999893999604605,2,False,Bull
2025-07-16,6263.7001953125,0.0031885685253829,0.0050099101239449,2,7.170336835629461e-13,8.558136336338498e-06,0.9999914418629171,0.9999914418629171,2,False,Bull
2025-07-17,6297.35986328125,0.0053593802400122,0.0050645624519146,2,2.1096768645752128e-13,1.066325413998222e-05,0.9999893367457938,0.9999893367457938,2,False,Bull
2025-07-18,6296.7900390625,-9.049030280827708e-05,0.0043918818946684,2,5.4674950787346766e-14,3.1881532868959745e-06,0.9999968118464384,0.9999968118464384,2,False,Bull
2025-07-21,6305.60009765625,0.0013981570056724,0.0033243206856545,2,3.5813780500788765e-14,7.160248349272972e-07,0.9999992839750865,0.9999992839750865,2,False,Bull
2025-07-22,6309.6201171875,0.0006373284966674,0.0032643559236565,2,2.049832713919384e-14,6.659789344589871e-07,0.9999993340209073,0.9999993340209073,2,False,Bull
2025-07-23,6358.91015625,0.007781532145703,0.003574032174894,2,1.5263781502906542e-14,1.540711299356315e-06,0.999998459288513,0.999998459288513,2,False,Bull
2025-07-24,6363.35009765625,0.0006979799969322,0.0035544780378618,2,1.3852712466967161e-14,9.650274821617344e-07,0.9999990349724721,0.9999990349724721,2,False,Bull
2025-07-25,6388.64013671875,0.0039664510016805,0.0032349565817923,2,2.5092037067079707e-14,6.900170649714863e-07,0.9999993099829787,0.9999993099829787,2,False,Bull
2025-07-28,6389.77001953125,0.0001768424712675,0.0032846210823183,2,3.175271061029249e-13,6.883844142736454e-07,0.9999993116150658,0.9999993116150658,2,False,Bull
2025-07-29,6370.85986328125,-0.0029638301974674,0.0030954603731313,2,1.3299361810114747e-11,6.498559461699706e-07,0.9999993501307765,0.9999993501307765,2,False,Bull
2025-07-30,6362.89990234375,-0.0012502139385102,0.0032240874375324,2,3.5784359526417803e-10,8.222115793483681e-07,0.9999991774305926,0.9999991774305926,2,False,Bull
2025-07-31,6339.39013671875,-0.0037016620463745,0.003313226599151,2,1.3874414632642223e-08,0.00030656128048853334,0.9996934248449102,0.9996934248449102,2,False,Bull
2025-08-01,6238.009765625,-0.0161213871855689,0.0062744367954767,1,2.823732531874845e-07,0.5104912949879125,0.4895084226389598,0.5104912949879125,1,False,Transition
2025-08-04,6329.93994140625,0.0146295644914147,0.0079839997255208,1,8.848536735898621e-05,0.9449282211132892,0.05498329351954692,0.9449282211132892,1,False,Transition
2025-08-05,6299.18994140625,-0.0048697037804625,0.0081528225220033,1,8.733255072852617e-05,0.9836723070332896,0.016240360416174385,0.9836723070332896,1,False,Transition
2025-08-06,6345.06005859375,0.0072555222198538,0.0080973608744005,1,9.837740061730272e-05,0.9939709145485592,0.005930708050964886,0.9939709145485592,1,False,Transition
2025-08-07,6340.0,-0.0007977981718276,0.0080923733559136,1,8.539175121846204e-05,0.9971143743175862,0.002800233931303162,0.9971143743175862,1,False,Transition
2025-08-08,6389.4501953125,0.0077694548163886,0.0084021168074505,1,9.256814307061141e-05,0.9992381538956071,0.0006692779610952656,0.9992381538956071,1,False,Transition
2025-08-11,6373.4501953125,-0.0025072683938844,0.008439081315286,1,7.973927680157786e-05,0.999535272293609,0.00038498842973450445,0.999535272293609,1,False,Transition
2025-08-12,6445.759765625,0.0112815590751704,0.0091070487059726,1,0.00010705730562088146,0.9998235057910478,6.943690336553407e-05,0.9998235057910478,1,False,Transition
2025-08-13,6466.580078125,0.0032248733840454,0.0090848967084247,1,6.569574254933663e-05,0.9975068925331764,0.0024274117244248504,0.9975068925331764,1,False,Transition
2025-08-14,6468.5400390625,0.0003030448785548,0.0089110303749168,1,6.220596235190415e-06,0.9417682308930349,0.058225548510840566,0.9417682308930349,1,False,Transition
2025-08-15,6449.7998046875,-0.0029013399163648,0.0066028262349245,2,2.0005806086432558e-07,0.0948101306130803,0.9051896693289163,0.9051896693289163,2,False,Bull
2025-08-18,6449.14990234375,-0.0001007682577363,0.0053231836343433,2,2.1338249384765122e-08,0.0008878970200975711,0.9991120816418297,0.9991120816418297,2,False,Bull
2025-08-19,6411.3701171875,-0.0058753291122073,0.0054719833014534,2,3.4281286021153205e-10,4.759555150471602e-05,0.9999524041058424,0.9999524041058424,2,False,Bull
2025-08-20,6395.77978515625,-0.0024346306322637,0.0052449801228806,2,4.657807256452678e-11,1.4737938407430283e-05,0.9999852620148091,0.9999852620148091,2,False,Bull
2025-08-21,6370.169921875,-0.0040122197289509,0.0054480887357468,2,3.073126006061255e-10,5.491360636461881e-05,0.9999450860863092,0.9999450860863092,2,False,Bull
2025-08-22,6466.91015625,0.0150722851587783,0.0068449283743611,2,2.540633237747893e-09,0.002179993398714861,0.9978200040605407,0.9978200040605407,2,False,Bull
2025-08-25,6439.31982421875,-0.004275512539646,0.0069731220920594,2,3.009269325154786e-09,0.0008978364412208747,0.9991021605494295,0.9991021605494295,2,False,Bull
2025-08-26,6465.93994140625,0.0041254737101166,0.0061188289347014,2,4.995015394443645e-10,9.874241329711933e-05,0.9999012570870597,0.9999012570870597,2,False,Bull
2025-08-27,6481.39990234375,0.0023881304533031,0.006080177845736,2,6.88223140361387e-11,5.864651038099736e-05,0.9999413534209596,0.9999413534209596,2,False,Bull
2025-08-28,6501.85986328125,0.0031517474414659,0.0061503659913042,2,1.5173615227552196e-10,7.508987376472008e-05,0.9999249099746156,0.9999249099746156,2,False,Bull
2025-08-29,6460.259765625,-0.0064187404027915,0.0064601567460131,2,8.955677593287711e-10,0.0002825483556755066,0.99971745074892,0.99971745074892,2,False,Bull
2025-09-02,6415.5400390625,-0.0069463500610318,0.0068424866996657,2,2.9696198997964423e-09,0.0006389907618234242,0.9993610062684727,0.9993610062684727,2,False,Bull
2025-09-03,6448.259765625,0.0050871123029416,0.0067673595383956,2,7.956131539758477e-09,0.000461056616930833,0.9995389354269926,0.9995389354269926,2,False,Bull
2025-09-04,6502.080078125,0.008311847102874,0.007082481906224,2,5.649537387767026e-09,0.0009390064761891675,0.999060987874084,0.999060987874084,2,False,Bull
2025-09-05,6481.5,-0.003170172669936,0.0070123629735708,2,2.331655657261438e-10,0.0005894357275095797,0.999410564039285,0.999410564039285,2,False,Bull
2025-09-08,6495.14990234375,0.0021037644508883,0.0052486078011968,2,3.132681720460745e-11,1.685668834822555e-05,0.9999831432803279,0.9999831432803279,2,False,Bull
2025-09-09,6512.60986328125,0.0026845470300731,0.0050105231906667,2,1.0854852382260246e-12,8.434656399389267e-06,0.9999915653425994,0.9999915653425994,2,False,Bull
2025-09-10,6532.0400390625,0.0029790282293973,0.0049471279325646,2,1.6841787208886154e-12,7.761634839573418e-06,0.9999922383636832,0.9999922383636832,2,False,Bull
2025-09-11,6587.47021484375,0.0084500876230944,0.0054768363280006,2,1.9565736275277885e-12,3.098896425315914e-05,0.999969011033909,0.999969011033909,2,False,Bull
2025-09-12,6584.2900390625,-0.0004828778814278,0.0054847294605344,2,1.406332214112569e-12,1.9002502990687525e-05,0.9999809974956558,0.9999809974956558,2,False,Bull
2025-09-15,6615.27978515625,0.0046955777265598,0.0048446023596386,2,2.2307902327915818e-13,7.142249046447152e-06,0.99999285775088,0.99999285775088,2,False,Bull
2025-09-16,6606.759765625,-0.0012887604333311,0.003867365589003,2,1.319022990082899e-13,1.5757673239548212e-06,0.9999984242325491,0.9999984242325491,2,False,Bull
2025-09-17,6600.35009765625,-0.0009706390782451,0.0039663285627908,2,1.6052004854777877e-14,1.771953183612696e-06,0.9999982280466849,0.9999982280466849,2,False,Bull
2025-09-18,6631.9599609375,0.0047776878367074,0.0035048265042386,2,1.7908739735003023e-14,1.0261750836105928e-06,0.9999989738249304,0.9999989738249304,2,False,Bull
2025-09-19,6664.35986328125,0.0048735239374817,0.00309061981859,2,1.9466637146291706e-14,6.136769844699828e-07,0.9999993863231857,0.9999993863231857,2,False,Bull
2025-09-22,6693.75,0.0044003507147625,0.0031197954291534,2,5.272321141216698e-14,6.158663308684978e-07,0.9999993841335786,0.9999993841335786,2,False,Bull
2025-09-23,6656.919921875,-0.0055173518287396,0.0041299878390487,2,3.5134454404844796e-14,3.44045866514857e-06,0.9999965595411662,0.9999965595411662,2,False,Bull
2025-09-24,6637.97021484375,-0.0028506771652949,0.0044085509854061,2,9.642660221424848e-14,3.818198433007431e-06,0.999996181801648,0.999996181801648,2,False,Bull
2025-09-25,6604.72021484375,-0.0050216487425274,0.0041355619831623,2,2.2732539826752301e-13,3.248241375403446e-06,0.9999967517585906,0.9999967517585906,2,False,Bull
2025-09-26,6643.7001953125,0.0058844891304143,0.0044837384279344,2,9.009309086605816e-14,4.475544270834731e-06,0.9999955244557095,0.9999955244557095,2,False,Bull
2025-09-29,6661.2099609375,0.0026320772599124,0.0043345622590562,2,1.1276539975691682e-13,2.9225885662820086e-06,0.9999970774112588,0.9999970774112588,2,False,Bull
2025-09-30,6688.4599609375,0.0040825036135085,0.0043942379404992,2,7.349845880730504e-14,3.399402396317115e-06,0.9999966005974356,0.9999966005974356,2,False,Bull
2025-10-01,6711.2001953125,0.0033941541712234,0.0043681677652108,2,6.41373416812433e-14,3.1548181010067756e-06,0.999996845182042,0.999996845182042,2,False,Bull
2025-10-02,6715.35009765625,0.0006181636213824,0.004234896475604,2,4.5665204764138675e-14,2.4822314745556885e-06,0.9999975177683039,0.9999975177683039,2,False,Bull
2025-10-03,6715.7900390625,6.551065686721813e-05,0.0040464837655953,2,4.56915933305179e-14,1.913036632752614e-06,0.9999980869633982,0.9999980869633982,2,False,Bull
2025-10-06,6740.27978515625,0.0036399592827613,0.0039772099116394,2,5.061207080082249e-13,1.8124848914944035e-06,0.9999981875146714,0.9999981875146714,2,False,Bull
2025-10-07,6714.58984375,-0.0038186877068522,0.0037097926915043,2,3.385478336625668e-11,1.5538132678807997e-06,0.9999984461527014,0.9999984461527014,2,False,Bull
2025-10-08,6753.72021484375,0.0058107484941878,0.0037573194215557,2,1.4072258272571309e-09,2.2263297906076327e-06,0.9999977722629668,0.9999977722629668,2,False,Bull
2025-10-09,6735.10986328125,-0.0027593739802789,0.0033519601604207,2,7.084683589574746e-08,0.0005768756713523272,0.9994230534818065,0.9994230534818065,2,False,Bull
2025-10-10,6552.509765625,-0.0274859754398999,0.0096671784459629,1,9.258817124412722e-07,0.9999974038120903,1.6703064061926304e-06,0.9999974038120903,1,False,Transition
2025-10-13,6654.72021484375,0.0154782630369343,0.0110188959935353,1,0.00037661016084046707,0.9996233465419687,4.3297054371157765e-08,0.9996233465419687,1,False,Transition
2025-10-14,6644.31005859375,-0.0015655514969434,0.0109251880877618,1,0.00020225519509563074,0.9997973101315174,4.3467341542036664e-07,0.9997973101315174,1,False,Transition
2025-10-15,6671.06005859375,0.004017918503429,0.0109526673722344,1,0.00019932237970329145,0.9998002741530467,4.034673860902829e-07,0.9998002741530467,1,False,Transition
2025-10-16,6629.06982421875,-0.0063142802751432,0.0110855905145424,1,0.00026192135789891464,0.9997379160679153,1.6257418692750624e-07,0.9997379160679153,1,False,Transition
2025-10-17,6664.009765625,0.0052568739445266,0.0112762023298604,1,0.0003616399949810972,0.9996382164071759,1.4359786575708183e-07,0.9996382164071759,1,False,Transition
2025-10-20,6735.1298828125,0.0106157241361444,0.0117839412764167,1,0.000729147605796051,0.9992708376772194,1.4717127773512345e-08,0.9992708376772194,1,False,Transition
2025-10-21,6735.35009765625,3.269591641696934e-05,0.011710752796796,1,0.0005492545384074266,0.9994507001077142,4.5353903422036365e-08,0.9994507001077142,1,False,Transition
2025-10-22,6699.39990234375,-0.0053518347747427,0.0116599240755519,1,0.0004520893665006029,0.9995478763591121,3.427428125316133e-08,0.9995478763591121,1,False,Transition
2025-10-23,6738.43994140625,0.0058104798620135,0.0118144403038564,1,0.00013163565626993936,0.9998552387643879,1.3125579375204006e-05,0.9998552387643879,1,False,Transition
2025-10-24,6791.68994140625,0.0078713619752441,0.0069458127959672,2,1.276016431521102e-05,0.26144711731216064,0.7385401225233197,0.7385401225233197,2,False,Bull
2025-10-27,6875.16015625,0.0122151413273794,0.0063784772936959,2,1.2622289845350263e-06,0.04760486547466452,0.9523938722963441,0.9523938722963441,2,False,Bull
2025-10-28,6890.89013671875,0.0022853305022305,0.0061676097660923,2,2.3395235219425852e-07,0.0022967262569192287,0.9977030397907042,0.9977030397907042,2,False,Bull
2025-10-29,6890.58984375,-4.357920473374577e-05,0.0062730735216552,2,1.4790773722548846e-07,0.0007082911040979385,0.9992915609882734,0.9992915609882734,2,False,Bull
2025-10-30,6822.33984375,-0.0099541914245353,0.0069572065313685,2,1.2979616392776108e-07,0.005336831963957172,0.9946630382399029,0.9946630382399029,2,False,Bull
2025-10-31,6840.2001953125,0.0026145009178843,0.0069066351893031,2,8.235996584522106e-07,0.009475350775039557,0.9905238256250786,0.9905238256250786,2,False,Bull
2025-11-03,6851.97021484375,0.0017192339969174,0.0063077888474399,2,3.119392275083811e-06,0.03840022783043204,0.9615966527774154,0.9615966527774154,2,False,Bull
2025-11-04,6771.5498046875,-0.0118062503923273,0.0076317185518109,1,7.062126041189014e-06,0.5982185746634232,0.4017743632103813,0.5982185746634232,1,False,Transition
2025-11-05,6796.2900390625,0.0036468976756882,0.0073869342081834,1,7.394629747719897e-05,0.7154160372949194,0.28451001640772494,0.7154160372949194,1,False,Transition
2025-11-06,6720.31982421875,-0.0112411345147229,0.0081893929894924,1,9.754154624894436e-05,0.9622183693715686,0.03768408908207642,0.9622183693715686,1,False,Transition
2025-11-07,6728.7998046875,0.0012610463474942,0.0077121677603975,1,0.00010458587769381645,0.9782701216458269,0.021625292476541803,0.9782701216458269,1,False,Transition
2025-11-10,6832.43017578125,0.0152836267035016,0.0083296326330343,1,0.00017292283181463382,0.9988182925741826,0.0010087845941355938,0.9988182925741826,1,False,Transition
2025-11-11,6846.60986328125,0.0020731999523917,0.0083216680646744,1,8.428208418781528e-05,0.9991390316432723,0.0007766862725440741,0.9991390316432723,1,False,Transition
2025-11-12,6850.919921875,0.0006293191259452,0.0083297851553153,1,8.53261257797515e-05,0.9993470580427394,0.0005676158316368189,0.9993470580427394,1,False,Transition
2025-11-13,6737.490234375,-0.0166954516309285,0.0093795944803028,1,0.0002070873020177126,0.9997914185170267,1.4941810075243012e-06,0.9997914185170267,1,False,Transition
2025-11-14,6734.10986328125,-0.000501851471272,0.0092882002249368,1,8.052271744670961e-05,0.9998809229085064,3.8554374232311586e-05,0.9998809229085064,1,False,Transition
2025-11-17,6672.41015625,-0.0092044978943039,0.0094992375631747,1,0.00010407596027141986,0.9998883270185938,7.597021361771346e-06,0.9998883270185938,1,False,Transition
2025-11-18,6617.31982421875,-0.0082907098441697,0.0091827322901489,1,9.468849302428478e-05,0.9998847803216311,2.0531185171718345e-05,0.9998847803216311,1,False,Transition
2025-11-19,6642.16015625,0.0037468077372651,0.0091899778433821,1,8.295984949792997e-05,0.9998688457643903,4.819438595135995e-05,0.9998688457643903,1,False,Transition
2025-11-20,6538.759765625,-0.0156897261163155,0.0097611293501135,1,0.00021757317507691644,0.9997818370997832,5.897251381781819e-07,0.9997818370997832,1,False,Transition
2025-11-21,6602.990234375,0.0097751030415924,0.0104926815861703,1,0.00019725802048208303,0.9998019891603077,7.528191031891379e-07,0.9998019891603077,1,False,Transition
2025-11-24,6705.1201171875,0.0153488188990813,0.010504549083629,1,0.00030883846083589687,0.9996909673997202,1.9413929805081429e-07,0.9996909673997202,1,False,Transition
2025-11-25,6765.8798828125,0.0090208860008331,0.0110126036082374,1,0.00028006329897880096,0.9997197414264223,1.9527459665704983e-07,0.9997197414264223,1,False,Transition
2025-11-26,6812.60986328125,0.00688296943615,0.0113009372410863,1,0.00028082278273016244,0.9997190633169672,1.1390044261511436e-07,0.9997190633169672,1,False,Transition
2025-11-28,6849.08984375,0.0053404873411366,0.0098620431551058,1,0.00010563049042408104,0.9998868346269091,7.534882764797858e-06,0.9998868346269091,1,False,Transition
2025-12-01,6812.6298828125,-0.0053375487460556,0.0100946997990875,1,0.00010238184646701787,0.999894038344359,3.5798089875475087e-06,0.999894038344359,1,False,Transition
2025-12-02,6829.3701171875,0.0024542211959364,0.0094151389538518,1,7.323657722695191e-05,0.9996630473871714,0.00026371603557764765,0.9996630473871714,1,False,Transition
2025-12-03,6849.72021484375,0.002975360521086,0.0086463728009239,1,6.106573164754867e-05,0.9870271076029343,0.012911826665555487,0.9870271076029343,1,False,Transition
2025-12-04,6857.1201171875,0.001079738711974,0.0086773386338549,1,1.052362995009699e-06,0.8852097943796885,0.11478915325731247,0.8852097943796885,1,False,Transition
2025-12-05,6870.39990234375,0.0019347688846789,0.0056951272314959,2,3.4593178579166266e-07,0.01542209295422192,0.984577561114147,0.984577561114147,2,False,Bull
2025-12-08,6846.509765625,-0.003483315331648,0.0059824194434904,2,8.764225495721772e-10,0.0005940529528105031,0.9994059461707084,0.9994059461707084,2,False,Bull
2025-12-09,6840.509765625,-0.0008767431610134,0.0044532869112859,2,1.8351867570297853e-11,4.9684581146851805e-06,0.9999950315237321,0.9999950315237321,2,False,Bull
2025-12-10,6886.68017578125,0.0067268806591407,0.0040961497333086,2,3.135390773746696e-13,2.769594287721714e-06,0.9999972304055673,0.9999972304055673,2,False,Bull
2025-12-11,6901.0,0.0020771919837176,0.0036915110962358,2,1.2021306417669807e-12,1.1893912357643673e-06,0.9999988106076468,0.9999988106076468,2,False,Bull
2025-12-12,6827.41015625,-0.0107209134585559,0.0049963903302481,2,2.8366743674226795e-13,3.604764611873569e-05,0.9999639523533805,0.9999639523533805,2,False,Bull
2025-12-15,6816.509765625,-0.0015978388918362,0.0047106452835038,2,2.06510066590702e-12,5.651262021976916e-06,0.9999943487360338,0.9999943487360338,2,False,Bull
2025-12-16,6800.259765625,-0.00238676400844,0.0046855899892325,2,9.313989801899821e-12,6.257726387036025e-06,0.9999937422644762,0.9999937422644762,2,False,Bull
2025-12-17,6721.43017578125,-0.0116598566113701,0.0056839936210231,2,1.3888132293899764e-10,0.00017899160258426155,0.9998210082587344,0.9998210082587344,2,False,Bull
2025-12-18,6774.759765625,0.007902951520478,0.0064395162774466,2,5.157856038683446e-09,0.0003592131534924045,0.9996407816886596,0.9996407816886596,2,False,Bull
2025-12-19,6834.5,0.0087794074218301,0.0071367414972808,2,1.6663047736719267e-08,0.0017259826072700117,0.998274000729841,0.998274000729841,2,False,Bull
2025-12-22,6878.490234375,0.0064158705755605,0.0073635785452049,2,5.355200078327744e-08,0.002524769485303178,0.9974751769625353,0.9974751769625353,2,False,Bull
2025-12-23,6909.7900390625,0.0045400670467898,0.0074525258895362,2,4.3149442978257356e-08,0.0024839773388689243,0.997515979511778,0.997515979511778,2,False,Bull
2025-12-24,6932.0498046875,0.0032163043447006,0.0072326249092384,2,2.6491661350123856e-08,0.0014977587807113867,0.9985022147274909,0.9985022147274909,2,False,Bull
2025-12-26,6929.93994140625,-0.0003044098771098,0.0072198509016214,2,3.1898156253662813e-09,0.0009277784321251948,0.9990722183779462,0.9990722183779462,2,False,Bull
2025-12-29,6905.740234375,-0.0034981629239361,0.0062820148035114,2,1.2447669605771381e-09,0.0001612627771382209,0.9998387359778768,0.9998387359778768,2,False,Bull
2025-12-30,6896.240234375,-0.0013766142506543,0.006271680144432,2,7.268671105802612e-10,0.00011269871634483989,0.9998873005566236,0.9998873005566236,2,False,Bull
2025-12-31,6845.5,-0.0073848674342489,0.0067656949185211,2,4.0580294004164905e-11,0.00045356350332951574,0.9995464364559791,0.9995464364559791,2,False,Bull
2026-01-02,6858.47021484375,0.0018929140261167,0.0051989519676103,2,3.010487699990346e-11,1.4505084495654513e-05,0.9999854948852488,0.9999854948852488,2,False,Bull
2026-01-05,6902.0498046875,0.0063340245110516,0.0050223086753863,2,1.0145951740472802e-12,1.0996873302740628e-05,0.999989003125832,0.999989003125832,2,False,Bull
2026-01-06,6944.81982421875,0.0061775920038922,0.0046798181332107,2,5.408186633658236e-13,6.2628339548556326e-06,0.9999937371654262,0.9999937371654262,2,False,Bull
2026-01-07,6920.93017578125,-0.0034458535710086,0.0045907398666568,2,1.714678073819545e-13,5.324438492056757e-06,0.9999946755611613,0.9999946755611613,2,False,Bull
2026-01-08,6921.4599609375,7.654532942247272e-05,0.0043788176923457,2,2.65093147137774e-13,3.114763603885989e-06,0.9999968852360631,0.9999968852360631,2,False,Bull
2026-01-09,6966.27978515625,0.0064546111383201,0.0047345329131889,2,1.5644684491581212e-13,6.9871039913793235e-06,0.9999930128959377,0.9999930128959377,2,False,Bull
2026-01-12,6977.27001953125,0.0015763900591814,0.0047367116536947,2,2.1546359937449866e-13,5.30109986875761e-06,0.9999946989000356,0.9999946989000356,2,False,Bull
2026-01-13,6963.740234375,-0.0019410055882076,0.0046079163490319,2,5.808310288730012e-13,4.849651955975896e-06,0.9999951503472674,0.9999951503472674,2,False,Bull
2026-01-14,6926.60009765625,-0.0053476335841349,0.0049762074812325,2,1.0092996081976386e-11,1.2244338270906872e-05,0.9999877556514751,0.9999877556514751,2,False,Bull
2026-01-15,6944.47021484375,0.0025766039204437,0.0041672228023294,2,1.6752498198742117e-09,4.748326861171153e-06,0.9999952499978498,0.9999952499978498,2,False,Bull
2026-01-16,6940.009765625,-0.0006425086684505,0.0042131718974976,2,2.697478556778786e-08,0.0016196576392693207,0.9983803153860481,0.9983803153860481,2,False,Bull
2026-01-20,6796.85986328125,-0.0208424609532613,0.0077776605654421,1,7.796013417117241e-07,0.994173458767376,0.005825761631110359,0.994173458767376,1,False,Transition
2026-01-21,6875.6201171875,0.0115211176335598,0.0085150787220208,1,0.0001081949265795689,0.9994493527987877,0.0004424522747491944,0.9994493527987877,1,False,Transition
2026-01-22,6913.35009765625,0.0054725007079028,0.0086957318401961,1,8.002635762946979e-05,0.9997180654306351,0.00020190821196277043,0.9997180654306351,1,False,Transition
2026-01-23,6915.60986328125,0.0003268164274814,0.0086966871583587,1,7.151857900472764e-05,0.9997126455850257,0.00021583583575671768,0.9997126455850257,1,False,Transition
2026-01-26,6950.22998046875,0.0049935942601599,0.0085861953244121,1,7.78958997436779e-05,0.9996770262709972,0.0002450778290395183,0.9996770262709972,1,False,Transition
2026-01-27,6978.60009765625,0.0040735878404412,0.0086803882665396,1,7.482282990175011e-05,0.9996886272565773,0.00023654991345720323,0.9996886272565773,1,False,Transition
2026-01-28,6978.02978515625,-8.172639170034302e-05,0.0086536111186395,1,7.130440732667547e-05,0.9994677489355728,0.00046094665713306574,0.9994677489355728,1,False,Transition
2026-01-29,6969.009765625,-0.001293467442462,0.008457311073888,1,7.351743365606467e-05,0.9978230133925904,0.0021034691736023237,0.9978230133925904,1,False,Transition
2026-01-30,6939.02978515625,-0.0043111794144579,0.0085592503860169,1,6.827563177220476e-05,0.9896427334075236,0.010288990960919677,0.9896427334075236,1,False,Transition
2026-02-02,6976.43994140625,0.0053767852773631,0.0087252138626342,1,1.1669438848335882e-05,0.9155441298639433,0.08444420069713211,0.9155441298639433,1,False,Transition
2026-02-03,6917.81005859375,-0.0084394955906628,0.0057116883203675,2,0.00010759879990460929,0.06662733943893892,0.9332650617612375,0.9332650617612375,2,False,Bull
2026-02-04,6882.72021484375,-0.0050853001550148,0.0049186700646215,2,0.00019795125437338483,0.027512559227903438,0.9722894895179094,0.9722894895179094,2,False,Bull
2026-02-05,6798.39990234375,-0.0123266778538315,0.0058853079376841,2,0.0001241773581238619,0.165800487324112,0.8340753353176821,0.8340753353176821,2,False,Bull
2026-02-06,6932.2998046875,0.0195043442822004,0.0089416422108418,1,6.473319048905814e-05,0.9982763815623934,0.001658885247144003,0.9982763815623934,1,False,Transition
2026-02-09,6964.81982421875,0.0046801178601221,0.0089236608482475,1,7.390213042310421e-05,0.9997389470914843,0.0001871507778983096,0.9997389470914843,1,False,Transition
2026-02-10,6941.81005859375,-0.003309182284509,0.0088737306642667,1,7.358878105914648e-05,0.9998198611649229,0.00010655005393627477,0.9998198611649229,1,False,Transition
2026-02-11,6941.47021484375,-4.895726995002292e-05,0.0088739200621952,1,7.895370455296579e-05,0.999804944779977,0.00011610151554888972,0.999804944779977,1,False,Transition
2026-02-12,6832.759765625,-0.0157849413861175,0.0101104147142458,1,0.00023419195433649134,0.9997655733064077,2.3473919859688612e-07,0.9997655733064077,1,False,Transition
2026-02-13,6836.169921875,0.0004989646444464,0.0101013095155073,1,0.0001014231484109741,0.9998938624330896,4.714418683478722e-06,0.9998938624330896,1,False,Transition
2026-02-17,6843.22021484375,0.0010307906306561,0.009863575604328,1,8.401775741101724e-05,0.9999069974291122,8.984813427790178e-06,0.9999069974291122,1,False,Transition
2026-02-18,6881.31005859375,0.0055506368211357,0.0098294913962696,1,8.964921396785431e-05,0.9999021286933754,8.222092516088263e-06,0.9999021286933754,1,False,Transition
2026-02-19,6861.89013671875,-0.0028261153915352,0.0097386782066828,1,8.23789326865461e-05,0.9998931628346861,2.4458232560908795e-05,0.9998931628346861,1,False,Transition
2026-02-20,6909.509765625,0.0069157557021739,0.0089696716402989,1,8.676849291204524e-05,0.9978571389163533,0.002056092590670001,0.9978571389163533,1,False,Transition
2026-02-23,6837.75,-0.010439959471455,0.0071499041007204,1,0.00020500560011226147,0.9497130351370231,0.050081959263055684,0.9497130351370231,1,False,Transition
2026-02-24,6890.06982421875,0.007622488962383,0.0074796367239089,1,0.00013167630909657755,0.895860796103157,0.10400752758794465,0.895860796103157,1,False,Transition
2026-02-25,6946.1298828125,0.0081034339701293,0.0079569988342765,1,8.249922661063532e-05,0.8528439718976994,0.147073528875622,0.8528439718976994,1,False,Transition
2026-02-26,6908.85986328125,-0.0053800269955672,0.0081417171678913,1,3.1585049857349284e-05,0.735180211959702,0.2647882029903127,0.735180211959702,1,False,Transition
2026-02-27,6878.8798828125,-0.0043487951280365,0.0063598360044787,1,9.454355071009412e-05,0.2754403093042198,0.7244651471449134,0.7244651471449134,2,True,Transition
2026-03-02,6881.6201171875,0.0003982754131346,0.0063602213499356,1,9.517352952881673e-05,0.24589767461127424,0.7540071518593571,0.7540071518593571,2,True,Transition
2026-03-03,6816.6298828125,-0.0094889087313116,0.0071174583297584,1,6.585533070862749e-05,0.3714371197914417,0.6284970248778807,0.6284970248778807,2,True,Transition
2026-03-04,6869.5,0.0077261257401488,0.0073486810718661,1,6.25361280043854e-05,0.5143130802099904,0.48562438366186594,0.5143130802099904,1,False,Transition
2026-03-05,6830.7099609375,-0.0056627077727036,0.0075153785244062,1,7.214258630023151e-05,0.7345461765053005,0.26538168090855463,0.7345461765053005,1,False,Transition
2026-03-06,6740.02001953125,-0.0133657204324961,0.0080245148554363,1,0.00012828564399995033,0.9562227390122291,0.04364897534365801,0.9562227390122291,1,False,Transition
2026-03-09,6795.990234375,0.008269871665389,0.0081435898275302,1,0.00010388573871733184,0.9653202150065485,0.03457589925460436,0.9653202150065485,1,False,Transition
2026-03-10,6781.47998046875,-0.0021374025058875,0.0076146449063484,1,0.00011395353049182443,0.9554410987809769,0.04444494768835197,0.9554410987809769,1,False,Transition
2026-03-11,6775.7998046875,-0.0008379521856358,0.0068351926264903,1,0.0002023897706810949,0.9512090076226273,0.04858860260650639,0.9512090076226273,1,False,Transition
2026-03-12,6672.6201171875,-0.0153448081894929,0.0079413676469547,1,0.00023026719993118444,0.9974683061096405,0.0023014266905977986,0.9974683061096405,1,False,Transition
2026-03-13,6632.18994140625,-0.0060775463985027,0.0079811181583013,1,0.00011489040235529045,0.9987723922555237,0.0011127173422019892,0.9987723922555237,1,False,Transition
2026-03-16,6699.3798828125,0.0100799097468193,0.0090435546790482,1,0.00010144345557089589,0.9998387414148687,5.981512955323091e-05,0.9998387414148687,1,False,Transition
2026-03-17,6716.08984375,0.0024911493849533,0.0088329816115584,1,7.688190592046718e-05,0.9997972659908657,0.0001258521034339534,0.9997972659908657,1,False,Transition
2026-03-18,6624.7001953125,-0.0137009993837313,0.0089481766986163,1,0.0001434617364082198,0.9998464823832215,1.005588021036858e-05,0.9998464823832215,1,False,Transition
2026-03-19,6606.490234375,-0.0027525826238985,0.0089219569675646,1,8.260375016522456e-05,0.9998334263429111,8.396990678010788e-05,0.9998334263429111,1,False,Transition
2026-03-20,6506.47998046875,-0.0152539343077702,0.0091741854217987,1,0.00017751031391897542,0.9998193047632525,3.1849226491485447e-06,0.9998193047632525,1,False,Transition
2026-03-23,6581.0,0.0113881090950727,0.0096598223074774,1,0.00013396889291222085,0.9998607843524991,5.246754566209394e-06,0.9998607843524991,1,False,Transition
2026-03-24,6556.3701171875,-0.00374959545932,0.0096532978458079,1,0.00013666265512794916,0.999851363923685,1.1973420972153877e-05,0.999851363923685,1,False,Transition
2026-03-25,6591.89990234375,0.0054044937599488,0.0100301313831341,1,0.0008453409203934328,0.9991498960121793,4.763067311779861e-06,0.9991498960121793,1,False,Transition
2026-03-26,6477.16015625,-0.0175594409612092,0.0103581675144179,1,0.009864041052178016,0.9901359045482802,5.4399566674727994e-08,0.9901359045482802,1,False,Transition
2026-03-27,6368.85009765625,-0.0168632319460506,0.0112412484440359,1,0.04259576534081685,0.9574042293483076,5.311014695332834e-09,0.9574042293483076,1,False,Transition
2026-03-30,6343.72021484375,-0.003953553833357,0.0100989927450321,1,0.11099039158598216,0.8890096050804221,3.3334296003485934e-09,0.8890096050804221,1,False,Transition
2026-03-31,6528.52001953125,0.0287148933098002,0.0147330941327025,0,0.9990645825502916,0.000935417449511178,1.7337650327423956e-20,0.9990645825502916,0,False,Bear
2026-04-01,6575.31982421875,0.0071429450037587,0.0144971962748935,0,0.9999410167089913,5.898329098466393e-05,3.423950462717907e-18,0.9999410167089913,0,False,Bear
2026-04-02,6582.68994140625,0.0011202481362371,0.0144894286613296,0,0.9999475465325599,5.245346724698133e-05,2.8849730624378874e-18,0.9999475465325599,0,False,Bear
2026-04-06,6611.830078125,0.0044170131316043,0.0135475439203291,0,0.9996055072229039,0.00039449277709851035,5.152347099947559e-16,0.9996055072229039,0,False,Bear
2026-04-07,6616.85009765625,0.0007589600331279,0.0131045261515142,0,0.9992779483727097,0.0007220516275021386,2.2264760954841896e-16,0.9992779483727097,0,False,Bear
2026-04-08,6782.81005859375,0.0247720383571845,0.0150289107898732,0,0.9999945619895311,5.438010301937352e-06,2.4815436289331045e-21,0.9999945619895311,0,False,Bear
2026-04-09,6824.66015625,0.0061510668695135,0.0150418486093886,0,0.9980014238589656,0.0019985761411227755,1.5206076651859608e-18,0.9980014238589656,0,False,Bear
2026-04-10,6816.89013671875,-0.0011391696991402,0.0132847294659825,0,0.7506107843206379,0.24938921567865677,5.501746057295488e-13,0.7506107843206379,0,False,Bear
2026-04-13,6886.240234375,0.0101218754937413,0.0108408601387378,1,0.11575309441885556,0.8842468387479093,6.683317811911903e-08,0.8842468387479093,1,False,Transition
2026-04-14,6967.3798828125,0.0117139889161439,0.0100554638782486,1,0.013132201136686797,0.9868490185208584,1.8780342616683024e-05,0.9868490185208584,1,False,Transition
2026-04-15,7022.9501953125,0.0079441449115655,0.0074160769395387,1,0.0016321379581691305,0.9810133304523574,0.0173545315894076,0.9810133304523574,1,False,Transition
2026-04-16,7041.27978515625,0.0026065558152854,0.0075640411494526,1,0.0002599108653169488,0.9720482593545924,0.02769182977986493,0.9720482593545924,1,False,Transition
2026-04-17,7126.06005859375,0.011968553928737,0.0074282167195936,1,0.0002089442907743328,0.9700507427285661,0.02974031298070971,0.9700507427285661,1,False,Transition
2026-04-20,7109.14013671875,-0.0023771959102507,0.0080685062378299,1,8.578723989993868e-05,0.9638063587189936,0.03610785404097135,0.9638063587189936,1,False,Transition
2026-04-21,7064.009765625,-0.006368453580853,0.008970231562159,1,1.895001048812921e-05,0.9434729279119858,0.05650812207731105,0.9434729279119858,1,False,Transition
2026-04-22,7137.89990234375,0.0104057560115364,0.0065495070188919,2,2.5895997456505933e-05,0.2198458474411627,0.7801282565615012,0.7801282565615012,2,False,Bull
2026-04-23,7108.39990234375,-0.0041414321709396,0.0071478511554121,2,3.7072410872018936e-06,0.07567530276693715,0.9243209899919255,0.9243209899919255,2,False,Bull
2026-04-24,7165.080078125,0.0079420679176323,0.0069870807237382,2,6.495586244918692e-07,0.02113526524795546,0.978864085193531,0.978864085193531,2,False,Bull
2026-04-27,7173.91015625,0.0012316180005509,0.0068240562377001,2,1.158534171408878e-07,0.003416446564116893,0.996583437582667,0.996583437582667,2,False,Bull
2026-04-28,7138.7998046875,-0.0049061878687961,0.0067854252419435,2,1.7583389404281213e-08,0.000966529599827256,0.9990334528169645,0.9990334528169645,2,False,Bull
2026-04-29,7135.9501953125,-0.0003992517435129,0.0065406817686409,2,1.0585920308397982e-08,0.00031854413274841597,0.9996814452815496,0.9996814452815496,2,False,Bull
2026-04-30,7209.009765625,0.0101861841681056,0.0070871287748566,2,1.2405401926584722e-09,0.0010227052107176851,0.9989772935488034,0.9989772935488034,2,False,Bull
2026-05-01,7230.1201171875,0.0029240496865217,0.0062517069016625,2,1.3757531629556325e-09,0.00013170903135392668,0.9998682895928129,0.9998682895928129,2,False,Bull
2026-05-04,7200.75,-0.0040704624878422,0.006388313561131,2,4.062236097432389e-10,0.00015009211142369078,0.9998499074822653,0.9998499074822653,2,False,Bull
2026-05-05,7259.22021484375,0.0080872273805763,0.0060939545825026,2,3.5027794269074475e-09,0.00018422986276447382,0.9998157666346443,0.9998157666346443,2,False,Bull
2026-05-06,7365.1201171875,0.0144829443277458,0.0067643808511533,2,5.5966726596729925e-09,0.0015323859416748104,0.9984676084614384,0.9984676084614384,2,False,Bull
2026-05-07,7337.10986328125,-0.0038103454826785,0.006725514507318,2,9.759927568122277e-09,0.0005384789345790771,0.9994615113055126,0.9994615113055126,2,False,Bull
2026-05-08,7398.93017578125,0.0083904054290329,0.0067622784772195,2,3.0206807510828694e-09,0.0004778309254437124,0.9995221660539306,0.9995221660539306,2,False,Bull
2026-05-11,7412.83984375,0.0018781917406744,0.0067443104538401,2,8.967219231949104e-10,0.000258696096112223,0.9997413030071387,0.9997413030071387,2,False,Bull
2026-05-12,7400.9599609375,-0.0016038944114082,0.0063695835269025,2,1.896484602364048e-09,0.00014990919056677456,0.9998500889128817,0.9998500889128817,2,False,Bull
2026-05-13,7444.25,0.0058322060629958,0.0062376001616158,2,1.589406393507915e-08,0.0005359481559671291,0.9994640359499588,0.9994640359499588,2,False,Bull
2026-05-14,7501.240234375,0.0076264491437392,0.0060145344888379,2,2.4169731414089424e-07,0.007677191281735183,0.992322567020943,0.992322567020943,2,False,Bull
2026-05-15,7408.5,-0.0124403817877301,0.0079602112148365,2,1.0668532669514378e-06,0.16260047671734526,0.8373984564292908,0.8373984564292908,2,False,Bull
2026-05-18,7403.0498046875,-0.000735938592566,0.0077236409741882,2,1.2186319814635939e-05,0.1595198214513908,0.8404679922286296,0.8404679922286296,2,False,Bull
2026-05-19,7353.60986328125,-0.0067007205566707,0.0080032303883693,2,8.916013237311262e-06,0.15463621238225678,0.8453548716043084,0.8453548716043084,2,False,Bull
2026-05-20,7432.97021484375,0.0107342080663261,0.0073802547048569,2,4.446792775429936e-06,0.0968719529392933,0.9031236002680921,0.9031236002680921,2,False,Bull
2026-05-21,7445.72021484375,0.001713860931666,0.0071914203782903,2,6.624696801283109e-07,0.02657219403906192,0.9734271434913534,0.9734271434913534,2,False,Bull
2026-05-22,7473.47021484375,0.0037200452843411,0.0068348206978909,2,2.2945184466876134e-07,0.0048990715576941145,0.9951006989902762,0.9951006989902762,2,False,Bull
2026-05-26,7519.1201171875,0.0060896806231465,0.0070219710200352,2,4.4896833579425704e-08,0.0017521010383825422,0.9982478540649603,0.9982478540649603,2,False,Bull
2026-05-27,7520.35986328125,0.0001648655536197,0.0069592360973122,2,1.1311341879425303e-08,0.0007005712865024771,0.9992994174022239,0.9992994174022239,2,False,Bull
2026-05-28,7563.6298828125,0.0057372272122169,0.0069528808056054,2,2.2413697325087424e-09,0.0005245661647605297,0.9994754315938174,0.9994754315938174,2,False,Bull
2026-05-29,7580.06005859375,0.0021699047314864,0.0066333609018464,2,3.075967983790729e-11,0.0001984241020470582,0.9998015758673542,0.9998015758673542,2,False,Bull
2026-06-01,7599.9599609375,0.0026218560604913,0.0046421840551351,2,1.638928694746924e-11,5.239374751734653e-06,0.9999947606089259,0.9999947606089259,2,False,Bull
2026-06-02,7609.77978515625,0.0012912549125889,0.0045254695689811,2,4.218160936095046e-11,3.85491822321618e-06,0.9999961450395584,0.9999961450395584,2,False,Bull
2026-06-03,7553.68017578125,-0.0073993488920685,0.0046900500250598,2,2.4595926484644176e-09,1.7849855838200955e-05,0.9999821476846702,0.9999821476846702,2,False,Bull
2026-06-04,7584.31005859375,0.0040467623691871,0.0038086590756398,2,2.8242970053847604e-07,0.0009688510941754714,0.9990308664758996,0.9990308664758996,2,False,Bull
2026-06-05,7383.740234375,-0.0268013303153598,0.0098858281795156,1,1.5653736259491606e-06,0.9999970144757755,1.420150740610741e-06,0.9999970144757755,1,False,Transition
2026-06-08,7405.72998046875,0.0029737052076601,0.009850364510451,1,0.00039275022551733796,0.9995982358675882,9.013907062332881e-06,0.9995982358675882,1,False,Transition
2026-06-09,7386.64990234375,-0.0025797185926208,0.0095425032235745,1,0.00506159152503458,0.9949220348717739,1.637360301222589e-05,0.9949220348717739,1,False,Transition
2026-06-10,7266.990234375,-0.016332095868206,0.0105429460429574,1,0.08039689172730964,0.9196030739609921,3.431156265845819e-08,0.9196030739609921,1,False,Transition
2026-06-11,7394.2998046875,0.0173671989134636,0.0121804833552826,1,0.37429236085904927,0.6257076388544335,2.8632644338483263e-10,0.6257076388544335,1,False,Transition
2026-06-12,7431.4599609375,0.0050129281271615,0.012327766746136,1,0.5949271226517193,0.40507287711271117,2.3557294753197776e-10,0.5949271226517193,0,True,Transition
2026-06-15,7554.2900390625,0.0163932841385818,0.0136022727931306,0,0.9595018068640122,0.04049819313579892,8.349669392573795e-14,0.9595018068640122,0,False,Bear
2026-06-16,7511.35009765625,-0.0057003960392734,0.0136736041101296,0,0.9903698099310452,0.009630190068708003,1.9218724205640647e-13,0.9903698099310452,0,False,Bear
2026-06-17,7420.10009765625,-0.0122226756033594,0.0139939075728278,0,0.9948864976965706,0.005113502303627336,1.485101897987293e-14,0.9948864976965706,0,False,Bear
2026-06-18,7500.580078125,0.010787813962926,0.0144605852537404,0,0.9810875921420166,0.01891240785806776,8.723951464885452e-15,0.9810875921420166,0,False,Bear
2026-06-22,7472.7900390625,-0.0037119326849772,0.0114280174418882,1,0.4024497546117164,0.5975502438147483,1.5733751957813157e-09,0.5975502438147483,1,False,Transition
2026-06-23,7365.4599609375,-0.0144669283860974,0.0124152407251226,1,0.2864084591610283,0.7135915406121114,2.2684977153563197e-10,0.7135915406121114,1,False,Transition
2026-06-24,7358.22021484375,-0.0009834153677328,0.012396423926257,1,0.11977716250591508,0.8802228338174619,3.6766786814261653e-09,0.8802228338174619,1,False,Transition
2026-06-25,7357.490234375,-9.921104004639858e-05,0.011067887879346,1,0.015445698224639379,0.9845540277891972,2.739859882239056e-07,0.9845540277891972,1,False,Transition
2026-06-26,7354.02001953125,-0.0004717686829192,0.0095068440779763,1,0.00104801076725051,0.998930333526032,2.16557067471694e-05,0.998930333526032,1,False,Transition
2026-06-29,7440.43017578125,0.0116815613593459,0.0101521116387706,1,0.00025623707742466806,0.9997413262991829,2.4366232477677895e-06,0.9997413262991829,1,False,Transition
2026-06-30,7499.35986328125,0.0078889988381476,0.0089187965382862,1,9.315539509170349e-05,0.9986426848345182,0.0012641597704015396,0.9986426848345182,1,False,Transition
2026-07-01,7483.22998046875,-0.002153150985551,0.0087684102235126,1,4.446539405249164e-05,0.9695753425909398,0.0303801920149629,0.9695753425909398,1,False,Transition
2026-07-02,7483.240234375,1.3702504482182576e-06,0.0077229700724352,2,2.7341738545669287e-05,0.6206075898793816,0.37936506838207185,0.6206075898793816,1,True,Bull
2026-07-06,7537.43017578125,0.0072154138304441,0.0072821051082266,2,1.5420178615394666e-05,0.28465976760853207,0.715324812212776,0.715324812212776,2,False,Bull
2026-07-07,7503.85009765625,-0.0044650632531855,0.0073341009250583,2,1.709735401488152e-07,0.1058054528767409,0.8941943761499432,0.8941943761499432,2,False,Bull
2026-07-08,7482.7099609375,-0.0028212145626138,0.0053701382498159,2,3.58382528455503e-08,0.0012560335029264352,0.9987439306586023,0.9987439306586023,2,False,Bull
2026-07-09,7543.64013671875,0.0081098216571575,0.005650526269487,2,1.0447871568742553e-09,7.200343487580511e-05,0.999927995520398,0.999927995520398,2,False,Bull
2026-07-10,7575.39013671875,0.0042000109925712,0.0055950295743592,2,2.6228592306567704e-10,2.979202581506782e-05,0.9999702077120329,0.9999702077120329,2,False,Bull
2026-07-13,7515.33984375,-0.0079586090280425,0.0065230614085696,2,2.5019799648983308e-11,0.0003040504095273917,0.9996959495655544,0.9996959495655544,2,False,Bull
2026-07-14,7543.58984375,0.0037519310768825,0.0056636894996078,2,3.1587577564033206e-11,3.158339439404477e-05,0.9999684165740291,0.9999684165740291,2,False,Bull
2026-07-15,7572.39990234375,0.003811869942055,0.0052763220878329,2,1.1122628710218905e-11,1.413167236350467e-05,0.9999858683166073,0.9999858683166073,2,False,Bull
2026-07-16,7533.77001953125,-0.0051144621327665,0.0055471847802984,2,7.640864698314062e-11,4.095695159221333e-05,0.999959042971776,0.999959042971776,2,False,Bull
2026-07-17,7457.68994140625,-0.0101498761921128,0.0065262060006991,2,1.2891466069060374e-10,0.0005033838900278426,0.9994966159810249,0.9994966159810249,2,False,Bull
2026-07-20,7443.27978515625,-0.0019341238867802,0.0059663026739576,2,1.455185559987629e-09,7.520817710930021e-05,0.999924790367771,0.999924790367771,2,False,Bull
2026-07-21,7509.2001953125,0.0088173784322123,0.0066158837282398,2,8.548791861082429e-10,0.00034065934662466527,0.9996593397984819,0.9996593397984819,2,False,Bull
2026-07-22,7498.9599609375,-0.001364622426399,0.0065609315390351,2,9.836665482322449e-09,0.0004428421238984492,0.9995571480392529,0.9995571480392529,2,False,Bull
2026-07-23,7408.2998046875,-0.0121633721312761,0.006970464532561,2,2.0998732588961618e-08,0.002862336276801119,0.997137642724269,0.997137642724269,2,False,Bull
2026-07-24,7411.97998046875,0.0004966405371877,0.0067091345276187,2,1.1329205684432155e-07,0.0012128719831923508,0.9987870147249129,0.9987870147249129,2,False,Bull
2026-07-27,7413.18017578125,0.0001619133017758,0.0064171825789234,2,2.800405869999089e-07,0.003660260959001224,0.9963394590005195,0.9963394590005195,2,False,Bull
2026-07-28,7428.77978515625,0.0021020963754594,0.0062908712601322,2,1.3858917155654557e-06,0.04599874221673159,0.9539998718917294,0.9539998718917294,2,False,Bull
2026-07-29,7316.14990234375,-0.0152773971570727,0.0073033578229264,1,1.5033451620860409e-05,0.8775520060232013,0.12243296052510834,0.8775520060232013,1,False,Transition
2026-07-30,7437.6298828125,0.0164680139770556,0.0095864931815405,1,0.00016464311109318707,0.9997009920185914,0.00013436487053968373,0.9997009920185914,1,False,Transition
2026-07-31,7489.72021484375,0.0069792083833792,0.0093538787891228,1,0.00010749351236218157,0.9998666445922412,2.5861895546179906e-05,0.9998666445922412,1,False,Transition
2026-08-03,7600.5,0.0146825922639965,0.010314168360324,1,0.00032153123385940483,0.9996780637125621,4.050534823625723e-07,0.9996780637125621,1,False,Transition
2026-08-04,7736.52001953125,0.0177379420151861,0.011299346441817,1,0.0007788922399644531,0.9992210985803738,9.179673214699554e-09,0.9992210985803738,1,False,Transition
2026-08-05,7723.5498046875,-0.0016778990048802,0.0113131633115336,1,0.0003279873003801688,0.9996718734414858,1.3925806268121548e-07,0.9996718734414858,1,False,Transition
2026-08-06,7709.9599609375,-0.001761083184407,0.0101916536790036,1,0.00011665916835863649,0.9998799816790187,3.359152615857926e-06,0.9998799816790187,1,False,Transition
2026-08-07,7757.64013671875,0.0061651874247115,0.0101331647153245,1,0.00010755178573821284,0.9998890694260546,3.378788193414936e-06,0.9998890694260546,1,False,Transition
2026-08-10,7753.10986328125,-0.0005841462941909,0.0101718006698157,1,9.559125102187798e-05,0.9999000461560631,4.3625929311228836e-06,0.9999000461560631,1,False,Transition
2026-08-11,7728.2001953125,-0.0032180337931322,0.0104456338809552,1,8.294802511440584e-05,0.999675079276774,0.00024197269804383825,0.999675079276774,1,False,Transition
2026-08-12,7748.5,0.0026232744800278,0.0080413784081551,1,2.3602517697579296e-05,0.7536818932936019,0.24629450418882015,0.7536818932936019,1,False,Transition
2026-08-13,7798.990234375,0.0064949919385863,0.0071300424161411,2,1.556270207007381e-05,0.2697401116121734,0.7302443256855352,0.7302443256855352,2,False,Bull
2026-08-14,7785.759765625,-0.0016978741305937,0.0073523502186614,2,2.073254313929771e-06,0.09774952863451569,0.9022483981112314,0.9022483981112314,2,False,Bull
2026-08-17,7745.06005859375,-0.0052411657156081,0.0067755924391953,2,1.6229905898656978e-08,0.01682851392435892,0.9831714698457527,0.9831714698457527,2,False,Bull
2026-08-18,7691.759765625,-0.0069056328168422,0.0044517580707648,2,1.3503996052992043e-09,8.224250806540384e-05,0.9999177561415136,0.9999177561415136,2,False,Bull
2026-08-19,7707.97998046875,0.0021065577872612,0.0045085739395441,2,1.249051183570212e-10,4.017011165918939e-06,0.9999959828641036,0.9999959828641036,2,False,Bull
2026-08-20,7641.16015625,-0.0087067087458088,0.0052495840379916,2,1.8533537763590785e-12,3.4506929145110174e-05,0.9999654930689984,0.9999654930689984,2,False,Bull
2026-08-21,7674.3701171875,0.0043367761213097,0.0050023235081749,2,2.428753613707603e-12,9.113805830608863e-06,0.9999908861915754,0.9999908861915754,2,False,Bull
2026-08-24,7652.85986328125,-0.0028068043678342,0.0050272004510403,2,7.528679653727891e-13,1.0067633088177074e-05,0.9999899323663359,0.9999899323663359,2,False,Bull
2026-08-25,7677.27978515625,0.0031858734610068,0.0051620046460638,2,5.720372953758929e-13,1.0960414330978554e-05,0.9999890395852553,0.9999890395852553,2,False,Bull
2026-08-26,7675.7001953125,-0.0002057698051238,0.00503804030858,2,1.1178577376944462e-12,8.841661434960992e-06,0.9999911583372317,0.9999911583372317,2,False,Bull
2026-08-27,7730.990234375,0.0071774371884671,0.0051533073078673,2,1.1436219797116636e-11,1.5051187601599662e-05,0.9999849488008677,0.9999849488008677,2,False,Bull
2026-08-28,7711.759765625,-0.0024905510599211,0.0051734157698423,2,1.2042707060972716e-09,1.5006327384300455e-05,0.9999849924682354,0.9999849924682354,2,False,Bull
2026-08-31,7686.14013671875,-0.0033276813994422,0.0050306872757479,2,9.853247429866426e-08,0.00030695698405388747,0.9996929444835494,0.9996929444835494,2,False,Bull
